-- ── UNIT 01 — Telling Your Story ──
-- B1 curriculum: 6 units × 5 lessons = 30 lessons
-- Each normal lesson: 7 practice + 7 quiz activities
-- Unit review: 10 quiz-only activities

-- ╔══════════════════════════════════════════════════════════════════════════╗
-- ║ BƯỚC 0 — DỌN SẠCH B1 CŨ (idempotent)                                    ║
-- ╚══════════════════════════════════════════════════════════════════════════╝
UPDATE learning_units SET review_lesson_id = NULL WHERE level_code = 'B1' AND id IN ('b1-u01','b1-u02','b1-u03','b1-u04','b1-u05','b1-u06');

DELETE FROM learning_lesson_activities
 WHERE lesson_id IN (SELECT id FROM learning_lessons WHERE level_code = 'B1' AND unit_id IN ('b1-u01','b1-u02','b1-u03','b1-u04','b1-u05','b1-u06'));

DELETE FROM learning_lessons WHERE level_code = 'B1' AND unit_id IN ('b1-u01','b1-u02','b1-u03','b1-u04','b1-u05','b1-u06');

DELETE FROM learning_units WHERE level_code = 'B1' AND id IN ('b1-u01','b1-u02','b1-u03','b1-u04','b1-u05','b1-u06');

-- ╔══════════════════════════════════════════════════════════════════════════╗
-- ║ BƯỚC 1 — 6 UNIT B1                                                       ║
-- ╚══════════════════════════════════════════════════════════════════════════╝
INSERT INTO learning_units (id, level_code, title, subtitle, theme, skill_coverage, display_order, required_review_score) VALUES
 ('b1-u01','B1','Telling Your Story','Kể câu chuyện của bạn','narrative','["grammar","vocabulary","reading"]'::jsonb,1,75),
 ('b1-u02','B1','Recent Experiences & Changes','Trải nghiệm gần đây & Thay đổi','experience','["grammar","vocabulary","listening"]'::jsonb,2,75),
 ('b1-u03','B1','Hopes & Dreams','Hy vọng & Ước mơ','future','["grammar","vocabulary","reading"]'::jsonb,3,75),
 ('b1-u04','B1','If Only...','Giá mà...','regret','["grammar","vocabulary","listening"]'::jsonb,4,75),
 ('b1-u05','B1','Your Opinions','Ý kiến của bạn','opinion','["grammar","vocabulary","reading"]'::jsonb,5,75),
 ('b1-u06','B1','In the News','Tin tức','media','["grammar","vocabulary","listening"]'::jsonb,6,75);

-- ── UNIT 01 — Telling Your Story ──

INSERT INTO learning_lessons (id, level_code, skill_code, unit_id, lesson_type, lesson_order, title, subtitle, duration_minutes, xp_reward, required_score_to_pass, content, theory_content) VALUES
 ('b1-u01-l1','B1','reading','b1-u01','normal',1,'Present Perfect vs Past Simple','Have done vs did: since/for/just/already/yet/ever',10,20,70,'{}'::jsonb,
  '{"warmup":"Bạn đã từng đến nước ngoài chưa? Lần cuối bạn đi du lịch là khi nào? Đây là sự khác biệt giữa hiện tại hoàn thành và quá khứ đơn!",
    "objectives":["Phân biệt hiện tại hoàn thành (have/has + V3) và quá khứ đơn (V2/V-ed)","Dùng đúng since, for, just, already, yet, ever với hiện tại hoàn thành","Nhận biết khi nào dùng thì nào qua ngữ cảnh"],
    "grammarHtml":"<b>Hiện tại hoàn thành:</b> S + have/has + V3. Dùng khi: kinh nghiệm sống (ever/never), hành động mới xảy ra (just), kết quả còn ảnh hưởng (already/yet), khoảng thời gian kéo dài đến nay (since/for).<br><b>Quá khứ đơn:</b> S + V2/V-ed. Dùng khi có thời điểm cụ thể trong quá khứ (yesterday, last year, in 2010, ago).<br><b>Dấu hiệu:</b> just/already/yet/ever/never/since/for → hoàn thành; yesterday/last.../in [year]/ago → quá khứ đơn.",
    "vocabBlock":[
      {"word":"already","ipa":"/ɔːlˈredi/","meaningVi":"đã rồi (trước dự kiến)","example":"I''ve already eaten."},
      {"word":"yet","ipa":"/jet/","meaningVi":"chưa / chưa xong (câu hỏi, phủ định)","example":"Have you finished yet?"},
      {"word":"just","ipa":"/dʒʌst/","meaningVi":"vừa mới","example":"She has just arrived."},
      {"word":"ever","ipa":"/ˈevə/","meaningVi":"đã từng (câu hỏi)","example":"Have you ever been to Paris?"},
      {"word":"since","ipa":"/sɪns/","meaningVi":"kể từ (mốc thời gian)","example":"I''ve lived here since 2018."},
      {"word":"for","ipa":"/fɔː/","meaningVi":"trong (khoảng thời gian)","example":"She has worked here for three years."}],
    "examples":[
      {"en":"I have visited Japan twice.","vi":"Tôi đã từng đến Nhật Bản hai lần."},
      {"en":"She visited Japan last year.","vi":"Cô ấy đã đến Nhật Bản năm ngoái."},
      {"en":"Have you ever tried sushi?","vi":"Bạn đã từng ăn sushi chưa?"},
      {"en":"He has just finished his homework.","vi":"Anh ấy vừa làm xong bài tập."},
      {"en":"They haven''t called yet.","vi":"Họ vẫn chưa gọi."}],
    "commonMistakes":["❌ \"I have seen him yesterday.\" → ✅ \"I saw him yesterday.\" (yesterday = quá khứ đơn)","❌ \"Did you ever eat sushi?\" → ✅ \"Have you ever eaten sushi?\" (ever = hoàn thành)","❌ \"She has worked here since three years.\" → ✅ \"...for three years.\" (khoảng thời gian dùng for)"],
    "tips":["Thấy yesterday/last .../ago → dùng quá khứ đơn ngay.","Thấy ever/never/just/already/yet/since/for → dùng hiện tại hoàn thành."]}'::jsonb);

INSERT INTO learning_lesson_activities (id, lesson_id, activity_type, display_order, phase, difficulty, counts_toward_mastery, payload) VALUES
 ('b1-u01-l1-p1','b1-u01-l1','grammar_fill_blank',1,'practice','easy',false,'{"question":"Chia động từ đúng thì: \"She ___ (visit) Paris last summer.\"","acceptedAnswers":["visited"],"explanationVi":"last summer = thời điểm cụ thể → quá khứ đơn: visited."}'::jsonb),
 ('b1-u01-l1-p2','b1-u01-l1','multiple_choice',2,'practice','easy',false,'{"question":"Chọn câu ĐÚNG: \"I ___ just ___ my keys.\"","options":[{"id":"a","text":"have ... found"},{"id":"b","text":"did ... find"},{"id":"c","text":"had ... find"}],"correctOptionId":"a","explanationVi":"just đi với hiện tại hoàn thành: have just found."}'::jsonb),
 ('b1-u01-l1-p3','b1-u01-l1','vocabulary_match',3,'practice','easy',false,'{"question":"Nối từ chỉ thời gian với thì phù hợp:","pairs":[{"left":"yesterday","right":"Quá khứ đơn"},{"left":"just","right":"Hiện tại hoàn thành"},{"left":"last year","right":"Quá khứ đơn"},{"left":"ever","right":"Hiện tại hoàn thành"}],"explanationVi":"Phân loại dấu hiệu thời gian theo thì."}'::jsonb),
 ('b1-u01-l1-p4','b1-u01-l1','grammar_fill_blank',4,'practice','medium',false,'{"question":"Điền for hoặc since: \"I have known him ___ 2015.\"","acceptedAnswers":["since"],"explanationVi":"2015 là mốc thời gian cụ thể → since."}'::jsonb),
 ('b1-u01-l1-p5','b1-u01-l1','translation',5,'practice','medium',false,'{"question":"Dịch sang tiếng Anh:","sourceText":"Bạn đã từng ăn phở chưa?","acceptedAnswers":["Have you ever eaten pho?","Have you ever tried pho?","Have you ever had pho?"],"explanationVi":"Have you ever + V3: Have you ever eaten pho?"}'::jsonb),
 ('b1-u01-l1-p6','b1-u01-l1','error_correction',6,'practice','medium',false,'{"question":"Sửa lỗi trong câu:","sourceText":"Have you finished the report yesterday?","acceptedAnswers":["Did you finish the report yesterday?","Did you finish the report yesterday"],"explanationVi":"yesterday = quá khứ đơn: Did you finish...?"}'::jsonb),
 ('b1-u01-l1-p7','b1-u01-l1','grammar_fill_blank',7,'practice','medium',false,'{"question":"Chia động từ: \"They ___ (not call) yet.\"","acceptedAnswers":["haven''t called","have not called"],"explanationVi":"yet + phủ định → haven''t called."}'::jsonb),
 ('b1-u01-l1-q1','b1-u01-l1','multiple_choice',8,'quiz','easy',true,'{"question":"Chọn thì ĐÚNG: \"We ___ in Hanoi for five years.\"","options":[{"id":"a","text":"lived"},{"id":"b","text":"have lived"},{"id":"c","text":"are living"}],"correctOptionId":"b","explanationVi":"for + khoảng thời gian kéo dài đến nay → have lived."}'::jsonb),
 ('b1-u01-l1-q2','b1-u01-l1','grammar_fill_blank',9,'quiz','easy',true,'{"question":"Chia động từ: \"She ___ (already / finish) the test.\"","acceptedAnswers":["has already finished"],"explanationVi":"already + hoàn thành: has already finished."}'::jsonb),
 ('b1-u01-l1-q3','b1-u01-l1','multiple_choice',10,'quiz','medium',true,'{"question":"Chọn câu ĐÚNG với \"ago\":","options":[{"id":"a","text":"I have met him two years ago."},{"id":"b","text":"I met him two years ago."},{"id":"c","text":"I have been meeting him two years ago."}],"correctOptionId":"b","explanationVi":"ago = thời điểm quá khứ cụ thể → quá khứ đơn."}'::jsonb),
 ('b1-u01-l1-q4','b1-u01-l1','grammar_fill_blank',11,'quiz','medium',true,'{"question":"Điền for hoặc since: \"He has worked here ___ three years.\"","acceptedAnswers":["for"],"explanationVi":"three years = khoảng thời gian → for."}'::jsonb),
 ('b1-u01-l1-q5','b1-u01-l1','vocabulary_match',12,'quiz','medium',true,'{"question":"Nối từ với nghĩa:","pairs":[{"left":"already","right":"đã rồi"},{"left":"yet","right":"chưa"},{"left":"just","right":"vừa mới"},{"left":"ever","right":"đã từng"}],"explanationVi":"Ghép đúng từng trạng từ hoàn thành."}'::jsonb),
 ('b1-u01-l1-q6','b1-u01-l1','sentence_ordering',13,'quiz','hard',true,'{"question":"Sắp xếp thành câu đúng:","tokens":["Have","ever","you","sushi","eaten"],"correctOrder":[0,2,1,4,3],"explanationVi":"Have you ever eaten sushi?"}'::jsonb),
 ('b1-u01-l1-q7','b1-u01-l1','grammar_fill_blank',14,'quiz','hard',true,'{"question":"Chia động từ: \"I ___ (see) that film last night.\"","acceptedAnswers":["saw"],"explanationVi":"last night = thời điểm cụ thể → saw."}'::jsonb);

INSERT INTO learning_lessons (id, level_code, skill_code, unit_id, lesson_type, lesson_order, title, subtitle, duration_minutes, xp_reward, required_score_to_pass, content, theory_content) VALUES
 ('b1-u01-l2','B1','reading','b1-u01','normal',2,'Past Perfect','Had done: sắp xếp hai sự kiện trong quá khứ',10,20,70,'{}'::jsonb,
  '{"warmup":"Khi kể chuyện: \"Khi tôi đến, anh ấy đã đi rồi.\" — sự kiện nào xảy ra trước? Đó là quá khứ hoàn thành!",
    "objectives":["Dùng had + V3 để chỉ hành động xảy ra trước một hành động quá khứ khác","Kết hợp before/after/when/by the time với quá khứ hoàn thành","Phân biệt quá khứ hoàn thành và quá khứ đơn"],
    "grammarHtml":"<b>Quá khứ hoàn thành:</b> S + had + V3. Dùng để chỉ hành động xảy ra <b>trước</b> một hành động quá khứ khác.<br>Dấu hiệu: before, after, when, by the time, already, because.<br><b>Ví dụ cấu trúc:</b> When I arrived, he had already left. (had left xảy ra trước arrived)<br>After she had eaten, she went to bed.",
    "vocabBlock":[
      {"word":"by the time","ipa":"/baɪ ðə taɪm/","meaningVi":"vào lúc mà","example":"By the time we arrived, the film had started."},
      {"word":"already","ipa":"/ɔːlˈredi/","meaningVi":"đã rồi","example":"He had already gone."},
      {"word":"just","ipa":"/dʒʌst/","meaningVi":"vừa mới (trong quá khứ)","example":"She had just left when I called."},
      {"word":"before","ipa":"/bɪˈfɔː/","meaningVi":"trước khi","example":"I had studied before the exam."},
      {"word":"after","ipa":"/ˈɑːftə/","meaningVi":"sau khi","example":"After he had left, we talked."}],
    "examples":[
      {"en":"When I arrived, she had already left.","vi":"Khi tôi đến, cô ấy đã đi rồi."},
      {"en":"He was tired because he had worked all day.","vi":"Anh ấy mệt vì đã làm việc cả ngày."},
      {"en":"By the time the bus came, we had waited for an hour.","vi":"Đến lúc xe buýt đến, chúng tôi đã chờ một tiếng."},
      {"en":"After she had finished dinner, she called her friend.","vi":"Sau khi ăn xong, cô ấy gọi cho bạn."}],
    "commonMistakes":["❌ \"When I arrived, she already left.\" → ✅ \"...she had already left.\" (sự kiện trước cần had + V3)","❌ Dùng nhầm had done cho cả hai sự kiện → Chỉ sự kiện XẢY RA TRƯỚC mới dùng had + V3."],
    "tips":["Vẽ trục thời gian: sự kiện nào trước dùng had + V3, sự kiện sau dùng quá khứ đơn.","before/after/when/by the time là dấu hiệu thường gặp."]}'::jsonb);

INSERT INTO learning_lesson_activities (id, lesson_id, activity_type, display_order, phase, difficulty, counts_toward_mastery, payload) VALUES
 ('b1-u01-l2-p1','b1-u01-l2','grammar_fill_blank',1,'practice','easy',false,'{"question":"Chia động từ: \"When I arrived, she ___ (already/leave).\"","acceptedAnswers":["had already left"],"explanationVi":"Sự kiện xảy ra trước: had already left."}'::jsonb),
 ('b1-u01-l2-p2','b1-u01-l2','multiple_choice',2,'practice','easy',false,'{"question":"Chọn câu ĐÚNG để diễn đạt sự kiện xảy ra trước:","options":[{"id":"a","text":"He ate before he left."},{"id":"b","text":"He had eaten before he left."},{"id":"c","text":"He eats before he left."}],"correctOptionId":"b","explanationVi":"Ăn xảy ra trước rời đi → had eaten."}'::jsonb),
 ('b1-u01-l2-p3','b1-u01-l2','vocabulary_match',3,'practice','easy',false,'{"question":"Nối từ/cụm từ với vai trò trong quá khứ hoàn thành:","pairs":[{"left":"by the time","right":"vào lúc mà"},{"left":"already","right":"đã rồi"},{"left":"before","right":"trước khi"},{"left":"after","right":"sau khi"}],"explanationVi":"Nhận biết dấu hiệu quá khứ hoàn thành."}'::jsonb),
 ('b1-u01-l2-p4','b1-u01-l2','grammar_fill_blank',4,'practice','medium',false,'{"question":"Chia động từ: \"By the time we got there, the party ___ (finish).\"","acceptedAnswers":["had finished"],"explanationVi":"Kết thúc trước khi chúng tôi đến: had finished."}'::jsonb),
 ('b1-u01-l2-p5','b1-u01-l2','translation',5,'practice','medium',false,'{"question":"Dịch sang tiếng Anh:","sourceText":"Anh ấy mệt vì đã làm việc cả ngày.","acceptedAnswers":["He was tired because he had worked all day.","He was tired because he had been working all day."],"explanationVi":"had worked xảy ra trước was tired."}'::jsonb),
 ('b1-u01-l2-p6','b1-u01-l2','error_correction',6,'practice','medium',false,'{"question":"Sửa lỗi:","sourceText":"When I called, she already left.","acceptedAnswers":["When I called, she had already left.","When I called, she had already left"],"explanationVi":"Sự kiện trước cần had + V3: had already left."}'::jsonb),
 ('b1-u01-l2-p7','b1-u01-l2','sentence_ordering',7,'practice','medium',false,'{"question":"Sắp xếp thành câu đúng:","tokens":["had","She","finished","already","when I arrived"],"correctOrder":[1,0,2,3,4],"explanationVi":"She had already finished when I arrived."}'::jsonb),
 ('b1-u01-l2-q1','b1-u01-l2','multiple_choice',8,'quiz','easy',true,'{"question":"Chọn câu ĐÚNG: \"I was hungry because I ___ not eaten.\"","options":[{"id":"a","text":"have"},{"id":"b","text":"had"},{"id":"c","text":"did"}],"correctOptionId":"b","explanationVi":"Đói vì chưa ăn trước đó → had not eaten."}'::jsonb),
 ('b1-u01-l2-q2','b1-u01-l2','grammar_fill_blank',9,'quiz','easy',true,'{"question":"Chia động từ: \"After she ___ (finish) dinner, she called me.\"","acceptedAnswers":["had finished"],"explanationVi":"Ăn xong trước khi gọi: had finished."}'::jsonb),
 ('b1-u01-l2-q3','b1-u01-l2','multiple_choice',10,'quiz','medium',true,'{"question":"Sự kiện nào dùng quá khứ hoàn thành trong câu: \"The bus had left when I arrived at the stop.\"","options":[{"id":"a","text":"I arrived"},{"id":"b","text":"The bus left"},{"id":"c","text":"Cả hai"}],"correctOptionId":"b","explanationVi":"Bus rời đi TRƯỚC khi tôi đến → had left."}'::jsonb),
 ('b1-u01-l2-q4','b1-u01-l2','grammar_fill_blank',11,'quiz','medium',true,'{"question":"Chia động từ: \"We ___ (never/see) snow before that winter.\"","acceptedAnswers":["had never seen"],"explanationVi":"Chưa từng thấy tuyết trước mùa đông đó: had never seen."}'::jsonb),
 ('b1-u01-l2-q5','b1-u01-l2','sentence_ordering',12,'quiz','hard',true,'{"question":"Sắp xếp thành câu đúng:","tokens":["arrived","By the time","the show","had","she","started"],"correctOrder":[1,4,0,3,2,5],"explanationVi":"By the time she arrived, the show had started."}'::jsonb),
 ('b1-u01-l2-q6','b1-u01-l2','vocabulary_match',13,'quiz','medium',true,'{"question":"Nối từ với nghĩa:","pairs":[{"left":"by the time","right":"vào lúc mà"},{"left":"before","right":"trước khi"},{"left":"after","right":"sau khi"}],"explanationVi":"Ghép đúng từng từ chỉ thứ tự thời gian."}'::jsonb),
 ('b1-u01-l2-q7','b1-u01-l2','grammar_fill_blank',14,'quiz','hard',true,'{"question":"Chia động từ: \"He was tired because he ___ (work) all night.\"","acceptedAnswers":["had worked"],"explanationVi":"Làm việc cả đêm trước khi mệt: had worked."}'::jsonb);

INSERT INTO learning_lessons (id, level_code, skill_code, unit_id, lesson_type, lesson_order, title, subtitle, duration_minutes, xp_reward, required_score_to_pass, content, theory_content) VALUES
 ('b1-u01-l3','B1','reading','b1-u01','normal',3,'Emotions & Feelings','Từ vựng: Cảm xúc & Tình cảm',10,20,70,'{}'::jsonb,
  '{"warmup":"Hôm nay bạn cảm thấy thế nào? Hãy nghĩ về những cảm xúc khác nhau mà bạn đã trải qua tuần này.",
    "objectives":["Học và dùng 10 từ diễn tả cảm xúc B1","Phân biệt admire/amazed/annoyed/confident/disappointed/embarrassed/frustrated/relieved/proud/shocked","Dùng cảm xúc trong câu miêu tả trải nghiệm"],
    "vocabBlock":[
      {"word":"admire","ipa":"/ədˈmaɪə/","meaningVi":"ngưỡng mộ","example":"I admire her courage."},
      {"word":"amazed","ipa":"/əˈmeɪzd/","meaningVi":"kinh ngạc, choáng ngợp","example":"I was amazed by the scenery."},
      {"word":"annoyed","ipa":"/əˈnɔɪd/","meaningVi":"khó chịu, bực bội","example":"She felt annoyed when he was late."},
      {"word":"confident","ipa":"/ˈkɒnfɪdənt/","meaningVi":"tự tin","example":"He felt confident before the exam."},
      {"word":"disappointed","ipa":"/ˌdɪsəˈpɔɪntɪd/","meaningVi":"thất vọng","example":"She was disappointed with the result."},
      {"word":"embarrassed","ipa":"/ɪmˈbærəst/","meaningVi":"xấu hổ, bối rối","example":"I felt embarrassed when I fell."},
      {"word":"frustrated","ipa":"/frʌˈstreɪtɪd/","meaningVi":"nản lòng, bực tức","example":"He was frustrated with the traffic."},
      {"word":"relieved","ipa":"/rɪˈliːvd/","meaningVi":"nhẹ nhõm","example":"I was relieved when I passed."},
      {"word":"proud","ipa":"/praʊd/","meaningVi":"tự hào","example":"She was proud of her son."},
      {"word":"shocked","ipa":"/ʃɒkt/","meaningVi":"sốc, bàng hoàng","example":"We were shocked by the news."}],
    "examples":[
      {"en":"I felt relieved after the exam was over.","vi":"Tôi cảm thấy nhẹ nhõm sau khi kết thúc kỳ thi."},
      {"en":"She was proud of what she had achieved.","vi":"Cô ấy tự hào về những gì mình đã đạt được."},
      {"en":"He was frustrated because the plan had failed.","vi":"Anh ấy nản lòng vì kế hoạch đã thất bại."}],
    "commonMistakes":["Nhầm embarrassed (xấu hổ về bản thân) với ashamed (hổ thẹn vì làm điều xấu).","frustrated (bực tức do cản trở) khác annoyed (khó chịu nhẹ hơn)."],
    "tips":["Kết hợp cảm xúc với hiện tại hoàn thành/quá khứ đơn để kể chuyện: I was shocked when I heard the news."]}'::jsonb);

INSERT INTO learning_lesson_activities (id, lesson_id, activity_type, display_order, phase, difficulty, counts_toward_mastery, payload) VALUES
 ('b1-u01-l3-p1','b1-u01-l3','vocabulary_match',1,'practice','easy',false,'{"question":"Nối từ cảm xúc với nghĩa tiếng Việt:","pairs":[{"left":"proud","right":"tự hào"},{"left":"relieved","right":"nhẹ nhõm"},{"left":"shocked","right":"sốc"},{"left":"annoyed","right":"khó chịu"}],"explanationVi":"Ghép đúng từng từ cảm xúc."}'::jsonb),
 ('b1-u01-l3-p2','b1-u01-l3','vocabulary_match',2,'practice','easy',false,'{"question":"Nối từ với nghĩa:","pairs":[{"left":"admire","right":"ngưỡng mộ"},{"left":"amazed","right":"kinh ngạc"},{"left":"confident","right":"tự tin"},{"left":"disappointed","right":"thất vọng"}],"explanationVi":"Ghép đúng từng từ cảm xúc."}'::jsonb),
 ('b1-u01-l3-p3','b1-u01-l3','multiple_choice',3,'practice','easy',false,'{"question":"Cảm xúc nào diễn tả sự \"nhẹ nhõm\" sau khi lo lắng?","options":[{"id":"a","text":"frustrated"},{"id":"b","text":"relieved"},{"id":"c","text":"embarrassed"}],"correctOptionId":"b","explanationVi":"relieved = nhẹ nhõm sau lo lắng."}'::jsonb),
 ('b1-u01-l3-p4','b1-u01-l3','multiple_choice',4,'practice','medium',false,'{"question":"Điền từ phù hợp: \"She felt ___ when she forgot her speech in front of everyone.\"","options":[{"id":"a","text":"proud"},{"id":"b","text":"relieved"},{"id":"c","text":"embarrassed"}],"correctOptionId":"c","explanationVi":"Quên bài trước mọi người → embarrassed (xấu hổ)."}'::jsonb),
 ('b1-u01-l3-p5','b1-u01-l3','translation',5,'practice','medium',false,'{"question":"Dịch sang tiếng Anh:","sourceText":"Tôi cảm thấy tự hào về những gì mình đã đạt được.","acceptedAnswers":["I felt proud of what I had achieved.","I was proud of what I achieved.","I felt proud of what I achieved."],"explanationVi":"felt proud of what I had achieved."}'::jsonb),
 ('b1-u01-l3-p6','b1-u01-l3','multiple_choice',6,'practice','medium',false,'{"question":"Từ nào phù hợp: \"He was ___ with the traffic — it made him late every day.\"","options":[{"id":"a","text":"amazed"},{"id":"b","text":"frustrated"},{"id":"c","text":"confident"}],"correctOptionId":"b","explanationVi":"Tắc đường lặp đi lặp lại gây bực tức → frustrated."}'::jsonb),
 ('b1-u01-l3-p7','b1-u01-l3','vocabulary_match',7,'practice','easy',false,'{"question":"Nối từ còn lại với nghĩa:","pairs":[{"left":"frustrated","right":"nản lòng, bực tức"},{"left":"embarrassed","right":"xấu hổ, bối rối"}],"explanationVi":"Ghép đúng hai từ còn lại."}'::jsonb),
 ('b1-u01-l3-q1','b1-u01-l3','vocabulary_match',8,'quiz','easy',true,'{"question":"Nối từ cảm xúc với nghĩa:","pairs":[{"left":"shocked","right":"sốc"},{"left":"proud","right":"tự hào"},{"left":"relieved","right":"nhẹ nhõm"}],"explanationVi":"Ghép đúng từng cặp."}'::jsonb),
 ('b1-u01-l3-q2','b1-u01-l3','multiple_choice',9,'quiz','easy',true,'{"question":"Từ nào có nghĩa là \"kinh ngạc, choáng ngợp\"?","options":[{"id":"a","text":"annoyed"},{"id":"b","text":"amazed"},{"id":"c","text":"relieved"}],"correctOptionId":"b","explanationVi":"amazed = kinh ngạc, choáng ngợp."}'::jsonb),
 ('b1-u01-l3-q3','b1-u01-l3','multiple_choice',10,'quiz','medium',true,'{"question":"Điền từ phù hợp: \"I was ___ to hear she had won the competition.\"","options":[{"id":"a","text":"frustrated"},{"id":"b","text":"embarrassed"},{"id":"c","text":"amazed"}],"correctOptionId":"c","explanationVi":"Nghe tin chiến thắng → amazed (kinh ngạc)."}'::jsonb),
 ('b1-u01-l3-q4','b1-u01-l3','grammar_fill_blank',11,'quiz','medium',true,'{"question":"Điền từ cảm xúc đúng: \"She was ___ with the result because she expected to pass.\" (thất vọng)","acceptedAnswers":["disappointed"],"explanationVi":"Mong qua mà không qua → disappointed."}'::jsonb),
 ('b1-u01-l3-q5','b1-u01-l3','multiple_choice',12,'quiz','medium',true,'{"question":"Từ nào diễn tả cảm giác tin tưởng vào bản thân?","options":[{"id":"a","text":"embarrassed"},{"id":"b","text":"confident"},{"id":"c","text":"shocked"}],"correctOptionId":"b","explanationVi":"confident = tự tin vào bản thân."}'::jsonb),
 ('b1-u01-l3-q6','b1-u01-l3','sentence_ordering',13,'quiz','hard',true,'{"question":"Sắp xếp thành câu đúng:","tokens":["was","She","proud","had","of","what","she","achieved"],"correctOrder":[1,0,2,3,4,5,6,7],"explanationVi":"She was proud of what she had achieved."}'::jsonb),
 ('b1-u01-l3-q7','b1-u01-l3','vocabulary_match',14,'quiz','medium',true,'{"question":"Nối từ cảm xúc với tình huống phù hợp:","pairs":[{"left":"annoyed","right":"bị làm phiền liên tục"},{"left":"admire","right":"tôn trọng ai rất nhiều"},{"left":"frustrated","right":"kế hoạch bị cản trở"}],"explanationVi":"Ghép đúng từng tình huống."}'::jsonb);

INSERT INTO learning_lessons (id, level_code, skill_code, unit_id, lesson_type, lesson_order, title, subtitle, duration_minutes, xp_reward, required_score_to_pass, content, theory_content) VALUES
 ('b1-u01-l4','B1','reading','b1-u01','normal',4,'A Memorable Journey','Đọc hiểu: Một chuyến đi đáng nhớ',10,20,70,'{}'::jsonb,
  '{"warmup":"Bạn đã từng có một chuyến đi thực sự đáng nhớ chưa? Hãy đọc về chuyến đi của Ana và trả lời câu hỏi đọc hiểu.",
    "objectives":["Đọc hiểu đoạn văn B1 sử dụng thì hoàn thành và quá khứ","Tìm thông tin chi tiết về sự kiện và cảm xúc trong bài","Ôn từ vựng cảm xúc và cấu trúc thì hoàn thành qua ngữ cảnh"],
    "vocabBlock":[
      {"word":"memorable","ipa":"/ˈmemərəbl/","meaningVi":"đáng nhớ","example":"It was a memorable experience."},
      {"word":"journey","ipa":"/ˈdʒɜːni/","meaningVi":"hành trình, chuyến đi","example":"The journey took three hours."},
      {"word":"unexpected","ipa":"/ˌʌnɪkˈspektɪd/","meaningVi":"bất ngờ, không mong đợi","example":"There was an unexpected delay."},
      {"word":"overcome","ipa":"/ˌəʊvəˈkʌm/","meaningVi":"vượt qua","example":"She overcame her fear of flying."}],
    "examples":[
      {"en":"Last year, Ana decided to travel alone for the first time. She had always wanted to visit Vietnam, so she booked a flight to Hanoi. When she arrived at the airport, she realised she had left her passport at the hotel. She was shocked and frustrated, but she stayed calm. She called the hotel, and a kind staff member brought her passport just in time. After that experience, Ana felt more confident than ever. She had overcome a real challenge, and the rest of her trip was amazing. She has never forgotten that journey.","vi":"Năm ngoái, Ana quyết định đi du lịch một mình lần đầu tiên. Cô ấy luôn muốn đến thăm Việt Nam, vì vậy cô đặt vé máy bay đến Hà Nội. Khi đến sân bay, cô nhận ra mình đã bỏ quên hộ chiếu ở khách sạn. Cô bị sốc và bực tức, nhưng vẫn giữ bình tĩnh. Cô gọi điện cho khách sạn, và một nhân viên tốt bụng mang hộ chiếu đến đúng lúc. Sau trải nghiệm đó, Ana cảm thấy tự tin hơn bao giờ hết. Cô đã vượt qua một thử thách thực sự, và phần còn lại của chuyến đi thật tuyệt vời. Cô chưa bao giờ quên hành trình đó."}],
    "commonMistakes":["Đọc kỹ để phân biệt cảm xúc của Ana ở từng thời điểm khác nhau."],
    "tips":["Chú ý thì của động từ trong bài để hiểu thứ tự các sự kiện."]}'::jsonb);

INSERT INTO learning_lesson_activities (id, lesson_id, activity_type, display_order, phase, difficulty, counts_toward_mastery, payload) VALUES
 ('b1-u01-l4-p1','b1-u01-l4','multiple_choice',1,'practice','easy',false,'{"question":"Đây là chuyến đi một mình lần thứ mấy của Ana?","options":[{"id":"a","text":"Lần thứ hai"},{"id":"b","text":"Lần đầu tiên"},{"id":"c","text":"Lần thứ ba"}],"correctOptionId":"b","explanationVi":"\"travel alone for the first time\" → lần đầu tiên."}'::jsonb),
 ('b1-u01-l4-p2','b1-u01-l4','multiple_choice',2,'practice','easy',false,'{"question":"Ana phát hiện ra điều gì tại sân bay?","options":[{"id":"a","text":"Mất vé máy bay"},{"id":"b","text":"Bỏ quên hộ chiếu ở khách sạn"},{"id":"c","text":"Hành lý bị thất lạc"}],"correctOptionId":"b","explanationVi":"\"she had left her passport at the hotel\" → bỏ quên hộ chiếu."}'::jsonb),
 ('b1-u01-l4-p3','b1-u01-l4','multiple_choice',3,'practice','medium',false,'{"question":"Cảm xúc của Ana khi phát hiện sự cố là gì?","options":[{"id":"a","text":"Relieved and happy"},{"id":"b","text":"Shocked and frustrated"},{"id":"c","text":"Proud and confident"}],"correctOptionId":"b","explanationVi":"\"She was shocked and frustrated\" → sốc và bực tức."}'::jsonb),
 ('b1-u01-l4-p4','b1-u01-l4','vocabulary_match',4,'practice','easy',false,'{"question":"Nối từ trong bài với nghĩa:","pairs":[{"left":"memorable","right":"đáng nhớ"},{"left":"journey","right":"hành trình"},{"left":"unexpected","right":"bất ngờ"},{"left":"overcome","right":"vượt qua"}],"explanationVi":"Ghép đúng từng từ vựng trong bài."}'::jsonb),
 ('b1-u01-l4-p5','b1-u01-l4','multiple_choice',5,'practice','medium',false,'{"question":"Ai đã giúp Ana lấy lại hộ chiếu?","options":[{"id":"a","text":"Bạn của cô ấy"},{"id":"b","text":"Nhân viên sân bay"},{"id":"c","text":"Nhân viên khách sạn"}],"correctOptionId":"c","explanationVi":"\"a kind staff member brought her passport\" → nhân viên khách sạn."}'::jsonb),
 ('b1-u01-l4-p6','b1-u01-l4','multiple_choice',6,'practice','medium',false,'{"question":"Sau sự cố, Ana cảm thấy thế nào?","options":[{"id":"a","text":"Disappointed"},{"id":"b","text":"More confident than ever"},{"id":"c","text":"Embarrassed"}],"correctOptionId":"b","explanationVi":"\"Ana felt more confident than ever\" → tự tin hơn bao giờ hết."}'::jsonb),
 ('b1-u01-l4-p7','b1-u01-l4','grammar_fill_blank',7,'practice','medium',false,'{"question":"Hoàn thành theo bài: \"She ___ (always/want) to visit Vietnam.\"","acceptedAnswers":["had always wanted"],"explanationVi":"Mong muốn trước khi đặt vé: had always wanted."}'::jsonb),
 ('b1-u01-l4-q1','b1-u01-l4','multiple_choice',8,'quiz','easy',true,'{"question":"Ana đã để quên gì ở khách sạn?","options":[{"id":"a","text":"Vé máy bay"},{"id":"b","text":"Hộ chiếu"},{"id":"c","text":"Điện thoại"}],"correctOptionId":"b","explanationVi":"\"she had left her passport at the hotel\"."}'::jsonb),
 ('b1-u01-l4-q2','b1-u01-l4','multiple_choice',9,'quiz','easy',true,'{"question":"Ana đi đến thành phố nào ở Việt Nam?","options":[{"id":"a","text":"Hồ Chí Minh"},{"id":"b","text":"Đà Nẵng"},{"id":"c","text":"Hà Nội"}],"correctOptionId":"c","explanationVi":"\"booked a flight to Hanoi\" → Hà Nội."}'::jsonb),
 ('b1-u01-l4-q3','b1-u01-l4','multiple_choice',10,'quiz','medium',true,'{"question":"Tại sao Ana gọi là một người can đảm trong câu chuyện?","options":[{"id":"a","text":"Vì cô ấy đi du lịch một mình"},{"id":"b","text":"Vì cô ấy vượt qua thử thách và giữ bình tĩnh"},{"id":"c","text":"Vì cô ấy nói tiếng Việt"}],"correctOptionId":"b","explanationVi":"Cô giữ bình tĩnh và vượt qua thách thức → can đảm."}'::jsonb),
 ('b1-u01-l4-q4','b1-u01-l4','grammar_fill_blank',11,'quiz','medium',true,'{"question":"Hoàn thành: \"She has never ___ (forget) that journey.\"","acceptedAnswers":["forgotten"],"explanationVi":"has never forgotten = chưa bao giờ quên."}'::jsonb),
 ('b1-u01-l4-q5','b1-u01-l4','multiple_choice',12,'quiz','medium',true,'{"question":"Từ nào mô tả chuyến đi sau khi giải quyết sự cố?","options":[{"id":"a","text":"Terrible"},{"id":"b","text":"Amazing"},{"id":"c","text":"Boring"}],"correctOptionId":"b","explanationVi":"\"the rest of her trip was amazing\"."}'::jsonb),
 ('b1-u01-l4-q6','b1-u01-l4','vocabulary_match',13,'quiz','easy',true,'{"question":"Nối từ với nghĩa:","pairs":[{"left":"memorable","right":"đáng nhớ"},{"left":"overcome","right":"vượt qua"},{"left":"unexpected","right":"bất ngờ"}],"explanationVi":"Ghép đúng từng từ."}'::jsonb),
 ('b1-u01-l4-q7','b1-u01-l4','grammar_fill_blank',14,'quiz','hard',true,'{"question":"Chia động từ: \"When Ana arrived, she realised she ___ (leave) her passport.\"","acceptedAnswers":["had left"],"explanationVi":"Bỏ quên xảy ra trước khi nhận ra: had left."}'::jsonb);

INSERT INTO learning_lessons (id, level_code, skill_code, unit_id, lesson_type, lesson_order, title, subtitle, duration_minutes, xp_reward, required_score_to_pass, content, theory_content) VALUES
 ('b1-u01-l5','B1','reading','b1-u01','unit_review',5,'Unit 1 Review','Ôn tập Unit 1: Kể câu chuyện của bạn',12,30,75,'{}'::jsonb,
  '{"warmup":"Ôn tập Unit 1: hiện tại hoàn thành, quá khứ hoàn thành và từ vựng cảm xúc.","objectives":["Tổng hợp can-do Unit 1","Đạt ≥ 75% để hoàn thành Unit"],"vocabBlock":[],"examples":[],"commonMistakes":[],"tips":["Cần đúng ≥ 8/10 để qua Unit."]}'::jsonb);

INSERT INTO learning_lesson_activities (id, lesson_id, activity_type, display_order, phase, difficulty, counts_toward_mastery, payload) VALUES
 ('b1-u01-l5-q1','b1-u01-l5','grammar_fill_blank',1,'quiz','easy',true,'{"question":"Chia động từ: \"I ___ (never/try) sushi before.\"","acceptedAnswers":["have never tried"],"explanationVi":"never + hoàn thành: have never tried."}'::jsonb),
 ('b1-u01-l5-q2','b1-u01-l5','multiple_choice',2,'quiz','easy',true,'{"question":"Chọn thì ĐÚNG: \"She ___ to London last year.\"","options":[{"id":"a","text":"has gone"},{"id":"b","text":"went"},{"id":"c","text":"had gone"}],"correctOptionId":"b","explanationVi":"last year = thời điểm cụ thể → quá khứ đơn: went."}'::jsonb),
 ('b1-u01-l5-q3','b1-u01-l5','multiple_choice',3,'quiz','easy',true,'{"question":"Từ nào có nghĩa là \"tự hào\"?","options":[{"id":"a","text":"relieved"},{"id":"b","text":"proud"},{"id":"c","text":"frustrated"}],"correctOptionId":"b","explanationVi":"proud = tự hào."}'::jsonb),
 ('b1-u01-l5-q4','b1-u01-l5','grammar_fill_blank',4,'quiz','medium',true,'{"question":"Điền for hoặc since: \"He has studied here ___ 2019.\"","acceptedAnswers":["since"],"explanationVi":"2019 là mốc cụ thể → since."}'::jsonb),
 ('b1-u01-l5-q5','b1-u01-l5','multiple_choice',5,'quiz','medium',true,'{"question":"Câu nào ĐÚNG?","options":[{"id":"a","text":"When I got home, she already left."},{"id":"b","text":"When I got home, she had already left."},{"id":"c","text":"When I got home, she has already left."}],"correctOptionId":"b","explanationVi":"Rời đi trước khi tôi về: had already left."}'::jsonb),
 ('b1-u01-l5-q6','b1-u01-l5','vocabulary_match',6,'quiz','medium',true,'{"question":"Nối từ cảm xúc với nghĩa:","pairs":[{"left":"amazed","right":"kinh ngạc"},{"left":"annoyed","right":"khó chịu"},{"left":"confident","right":"tự tin"},{"left":"disappointed","right":"thất vọng"}],"explanationVi":"Ghép đúng từng cặp."}'::jsonb),
 ('b1-u01-l5-q7','b1-u01-l5','grammar_fill_blank',7,'quiz','medium',true,'{"question":"Chia động từ: \"By the time we arrived, they ___ (finish) the food.\"","acceptedAnswers":["had finished"],"explanationVi":"Kết thúc trước khi chúng tôi đến: had finished."}'::jsonb),
 ('b1-u01-l5-q8','b1-u01-l5','sentence_ordering',8,'quiz','hard',true,'{"question":"Sắp xếp thành câu đúng:","tokens":["Have","to","you","Paris","ever","been"],"correctOrder":[0,2,4,1,3,5],"explanationVi":"Have you ever been to Paris?"}'::jsonb),
 ('b1-u01-l5-q9','b1-u01-l5','multiple_choice',9,'quiz','medium',true,'{"question":"Chọn câu ĐÚNG với \"yet\":","options":[{"id":"a","text":"I haven''t finished yet."},{"id":"b","text":"I didn''t finish yet."},{"id":"c","text":"I don''t finish yet."}],"correctOptionId":"a","explanationVi":"yet + phủ định → haven''t finished yet."}'::jsonb),
 ('b1-u01-l5-q10','b1-u01-l5','grammar_fill_blank',10,'quiz','hard',true,'{"question":"Chia động từ: \"She was ___ (embarrass) because she had made a mistake.\"","acceptedAnswers":["embarrassed"],"explanationVi":"embarrassed = xấu hổ (tính từ cảm xúc)."}'::jsonb);

UPDATE learning_units SET review_lesson_id = 'b1-u01-l5' WHERE id = 'b1-u01';

-- ── UNIT 02 — Recent Experiences & Changes ──

INSERT INTO learning_lessons (id, level_code, skill_code, unit_id, lesson_type, lesson_order, title, subtitle, duration_minutes, xp_reward, required_score_to_pass, content, theory_content) VALUES
 ('b1-u02-l1','B1','reading','b1-u02','normal',1,'Present Perfect Continuous','Have been doing: hành động kéo dài đến hiện tại',10,20,70,'{}'::jsonb,
  '{"warmup":"Bạn đã học tiếng Anh bao lâu rồi? ''I have been studying English for...'' — đó là hiện tại hoàn thành tiếp diễn!",
    "objectives":["Dùng have/has been + V-ing để chỉ hành động bắt đầu trong quá khứ và vẫn còn tiếp diễn","Dùng for và since với thì này","Phân biệt present perfect continuous với present perfect simple"],
    "grammarHtml":"<b>Cấu trúc:</b> S + have/has + been + V-ing.<br><b>Dùng khi:</b> hành động bắt đầu trong quá khứ và vẫn đang tiếp diễn hoặc vừa dừng lại, nhấn mạnh độ dài của hành động.<br><b>So sánh:</b><br>I have read the book. (xong, nhấn kết quả)<br>I have been reading the book. (còn đang đọc, nhấn thời gian)<br><b>Dấu hiệu:</b> for, since, all day/morning/week, how long.",
    "vocabBlock":[
      {"word":"for","ipa":"/fɔː/","meaningVi":"trong (khoảng thời gian)","example":"I''ve been waiting for two hours."},
      {"word":"since","ipa":"/sɪns/","meaningVi":"kể từ (mốc thời gian)","example":"She''s been working since 8 am."},
      {"word":"all day","ipa":"/ɔːl deɪ/","meaningVi":"cả ngày","example":"He''s been studying all day."},
      {"word":"how long","ipa":"/haʊ lɒŋ/","meaningVi":"bao lâu","example":"How long have you been waiting?"},
      {"word":"recently","ipa":"/ˈriːsntli/","meaningVi":"gần đây","example":"Have you been feeling well recently?"}],
    "examples":[
      {"en":"I have been learning English for three years.","vi":"Tôi đã học tiếng Anh được ba năm (và vẫn đang học)."},
      {"en":"She has been working here since January.","vi":"Cô ấy đã làm việc ở đây từ tháng Giêng."},
      {"en":"How long have you been waiting?","vi":"Bạn đã chờ bao lâu rồi?"},
      {"en":"He looks tired. He has been running.","vi":"Anh ấy trông mệt. Anh ấy vừa chạy bộ về."}],
    "commonMistakes":["❌ ''I am studying English for three years.'' → ✅ ''I have been studying English for three years.''","Không dùng stative verbs (know, like, want) với -ing."],
    "tips":["how long + have been + V-ing = câu hỏi về thời gian hành động kéo dài.","Kết quả hiện tại rõ ràng → dùng present perfect continuous."]}'::jsonb);

INSERT INTO learning_lesson_activities (id, lesson_id, activity_type, display_order, phase, difficulty, counts_toward_mastery, payload) VALUES
 ('b1-u02-l1-p1','b1-u02-l1','grammar_fill_blank',1,'practice','easy',false,'{"question":"Chia động từ: \"She ___ (study) all morning.\"","acceptedAnswers":["has been studying"],"explanationVi":"all morning + nhấn thời gian → has been studying."}'::jsonb),
 ('b1-u02-l1-p2','b1-u02-l1','multiple_choice',2,'practice','easy',false,'{"question":"Chọn câu ĐÚNG nhấn mạnh thời gian đang chờ:","options":[{"id":"a","text":"I have waited for two hours."},{"id":"b","text":"I have been waiting for two hours."},{"id":"c","text":"I am waiting for two hours."}],"correctOptionId":"b","explanationVi":"Nhấn thời gian kéo dài → have been waiting."}'::jsonb),
 ('b1-u02-l1-p3','b1-u02-l1','vocabulary_match',3,'practice','easy',false,'{"question":"Nối từ/cụm từ chỉ thời gian với nghĩa:","pairs":[{"left":"for","right":"trong khoảng thời gian"},{"left":"since","right":"kể từ mốc thời gian"},{"left":"all day","right":"cả ngày"},{"left":"how long","right":"bao lâu"}],"explanationVi":"Phân biệt for vs since."}'::jsonb),
 ('b1-u02-l1-p4','b1-u02-l1','grammar_fill_blank',4,'practice','medium',false,'{"question":"Đặt câu hỏi: \"___ you ___ (wait) long?\"","acceptedAnswers":["Have you been waiting"],"explanationVi":"Have you been waiting long?"}'::jsonb),
 ('b1-u02-l1-p5','b1-u02-l1','translation',5,'practice','medium',false,'{"question":"Dịch sang tiếng Anh:","sourceText":"Tôi đã học tiếng Anh được ba năm (và vẫn đang học).","acceptedAnswers":["I have been learning English for three years.","I''ve been learning English for three years.","I have been studying English for three years.","I''ve been studying English for three years."],"explanationVi":"have been learning/studying for three years."}'::jsonb),
 ('b1-u02-l1-p6','b1-u02-l1','error_correction',6,'practice','medium',false,'{"question":"Sửa lỗi:","sourceText":"I am working here since January.","acceptedAnswers":["I have been working here since January.","I''ve been working here since January."],"explanationVi":"since + khoảng dài → have been working."}'::jsonb),
 ('b1-u02-l1-p7','b1-u02-l1','grammar_fill_blank',7,'practice','medium',false,'{"question":"Chia động từ: \"How long ___ you ___ (know) her?\"","acceptedAnswers":["have you known"],"explanationVi":"know là stative verb → have known (không dùng been knowing)."}'::jsonb),
 ('b1-u02-l1-q1','b1-u02-l1','multiple_choice',8,'quiz','easy',true,'{"question":"Chọn thì ĐÚNG: \"He looks exhausted. He ___ all day.\"","options":[{"id":"a","text":"has worked"},{"id":"b","text":"has been working"},{"id":"c","text":"is working"}],"correctOptionId":"b","explanationVi":"Nhấn kết quả hiện tại (mệt) + thời gian → has been working."}'::jsonb),
 ('b1-u02-l1-q2','b1-u02-l1','grammar_fill_blank',9,'quiz','easy',true,'{"question":"Chia động từ: \"They ___ (live) in Hanoi since 2020.\"","acceptedAnswers":["have been living","''ve been living"],"explanationVi":"since + nhấn thời gian → have been living."}'::jsonb),
 ('b1-u02-l1-q3','b1-u02-l1','multiple_choice',10,'quiz','medium',true,'{"question":"Câu nào diễn tả hành động đã HOÀN THÀNH (nhấn kết quả)?","options":[{"id":"a","text":"I have been reading the report."},{"id":"b","text":"I have read the report."},{"id":"c","text":"I was reading the report."}],"correctOptionId":"b","explanationVi":"have read = xong, kết quả."}'::jsonb),
 ('b1-u02-l1-q4','b1-u02-l1','grammar_fill_blank',11,'quiz','medium',true,'{"question":"Chia động từ: \"She ___ (not/feel) well recently.\"","acceptedAnswers":["hasn''t been feeling","has not been feeling"],"explanationVi":"recently + phủ định → hasn''t been feeling."}'::jsonb),
 ('b1-u02-l1-q5','b1-u02-l1','sentence_ordering',12,'quiz','hard',true,'{"question":"Sắp xếp thành câu đúng:","tokens":["have","How long","here","been","you","working"],"correctOrder":[1,4,0,5,3,2],"explanationVi":"How long have you been working here?"}'::jsonb),
 ('b1-u02-l1-q6','b1-u02-l1','vocabulary_match',13,'quiz','medium',true,'{"question":"Nối từ với nghĩa:","pairs":[{"left":"recently","right":"gần đây"},{"left":"all day","right":"cả ngày"},{"left":"since","right":"kể từ"}],"explanationVi":"Ghép đúng từng cặp."}'::jsonb),
 ('b1-u02-l1-q7','b1-u02-l1','grammar_fill_blank',14,'quiz','hard',true,'{"question":"Chia động từ: \"I ___ (wait) for you for an hour!\"","acceptedAnswers":["have been waiting","''ve been waiting"],"explanationVi":"for + thời gian kéo dài → have been waiting."}'::jsonb);

INSERT INTO learning_lessons (id, level_code, skill_code, unit_id, lesson_type, lesson_order, title, subtitle, duration_minutes, xp_reward, required_score_to_pass, content, theory_content) VALUES
 ('b1-u02-l2','B1','reading','b1-u02','normal',2,'Past Perfect Continuous','Had been doing: bối cảnh trước sự kiện quá khứ',10,20,70,'{}'::jsonb,
  '{"warmup":"''Khi anh ấy đến bệnh viện, bác sĩ đã mổ được 2 tiếng.'' Bác sĩ đang làm gì trước khi anh đến? Đó là quá khứ hoàn thành tiếp diễn!",
    "objectives":["Dùng had been + V-ing để chỉ hành động đang diễn ra trước một thời điểm quá khứ","Dùng thì này để giải thích nguyên nhân của trạng thái trong quá khứ"],
    "grammarHtml":"<b>Cấu trúc:</b> S + had been + V-ing.<br><b>Dùng khi:</b> hành động đang tiếp diễn trước (và đến) một thời điểm quá khứ; thường giải thích nguyên nhân.<br>He was tired because he had been running. (chạy bộ gây ra mệt)<br><b>So sánh:</b> had done = hoàn thành; had been doing = nhấn thời gian/quá trình.",
    "vocabBlock":[
      {"word":"exhausted","ipa":"/ɪɡˈzɔːstɪd/","meaningVi":"kiệt sức","example":"She was exhausted because she had been working all day."},
      {"word":"nervous","ipa":"/ˈnɜːvəs/","meaningVi":"lo lắng, hồi hộp","example":"He was nervous because he had been waiting."},
      {"word":"wet","ipa":"/wet/","meaningVi":"ướt","example":"Her clothes were wet — she had been walking in the rain."},
      {"word":"concentrate","ipa":"/ˈkɒnsntreɪt/","meaningVi":"tập trung","example":"I couldn''t concentrate because they had been making noise."}],
    "examples":[
      {"en":"She was tired because she had been studying for hours.","vi":"Cô ấy mệt vì đã học liên tục mấy tiếng."},
      {"en":"His hands were dirty because he had been fixing the car.","vi":"Tay anh ấy bẩn vì đã sửa xe."},
      {"en":"When the teacher arrived, the students had been talking for ten minutes.","vi":"Khi giáo viên đến, học sinh đã nói chuyện được mười phút."}],
    "commonMistakes":["Không dùng stative verbs với had been + V-ing.","had done (kết quả) vs had been doing (thời gian/quá trình)."],
    "tips":["Tìm trạng thái trong quá khứ (tired, wet, nervous) → giải thích bằng had been + V-ing."]}'::jsonb);

INSERT INTO learning_lesson_activities (id, lesson_id, activity_type, display_order, phase, difficulty, counts_toward_mastery, payload) VALUES
 ('b1-u02-l2-p1','b1-u02-l2','grammar_fill_blank',1,'practice','easy',false,'{"question":"Chia động từ: \"She was tired because she ___ (study) all night.\"","acceptedAnswers":["had been studying"],"explanationVi":"Học liên tục gây mệt: had been studying."}'::jsonb),
 ('b1-u02-l2-p2','b1-u02-l2','multiple_choice',2,'practice','easy',false,'{"question":"Chọn câu ĐÚNG để giải thích tay bẩn:","options":[{"id":"a","text":"His hands were dirty. He fixed the car."},{"id":"b","text":"His hands were dirty because he had been fixing the car."},{"id":"c","text":"His hands are dirty because he has been fixing the car."}],"correctOptionId":"b","explanationVi":"Giải thích trạng thái quá khứ → had been fixing."}'::jsonb),
 ('b1-u02-l2-p3','b1-u02-l2','vocabulary_match',3,'practice','easy',false,'{"question":"Nối từ với nghĩa:","pairs":[{"left":"exhausted","right":"kiệt sức"},{"left":"nervous","right":"lo lắng"},{"left":"wet","right":"ướt"},{"left":"concentrate","right":"tập trung"}],"explanationVi":"Ghép đúng từng từ."}'::jsonb),
 ('b1-u02-l2-p4','b1-u02-l2','grammar_fill_blank',4,'practice','medium',false,'{"question":"Chia động từ: \"When the teacher arrived, the class ___ (talk) for ten minutes.\"","acceptedAnswers":["had been talking"],"explanationVi":"Nói chuyện trước khi thầy đến: had been talking."}'::jsonb),
 ('b1-u02-l2-p5','b1-u02-l2','translation',5,'practice','medium',false,'{"question":"Dịch sang tiếng Anh:","sourceText":"Anh ấy ướt vì đã đi trong mưa.","acceptedAnswers":["He was wet because he had been walking in the rain.","He was wet because he had been walking in the rain"],"explanationVi":"had been walking in the rain."}'::jsonb),
 ('b1-u02-l2-p6','b1-u02-l2','error_correction',6,'practice','medium',false,'{"question":"Sửa lỗi:","sourceText":"She was tired because she was studying all night.","acceptedAnswers":["She was tired because she had been studying all night."],"explanationVi":"Giải thích nguyên nhân quá khứ: had been studying."}'::jsonb),
 ('b1-u02-l2-p7','b1-u02-l2','multiple_choice',7,'practice','medium',false,'{"question":"Chọn câu nhấn mạnh THỜI GIAN trước sự kiện quá khứ:","options":[{"id":"a","text":"He had finished the report."},{"id":"b","text":"He had been writing the report for two hours."},{"id":"c","text":"He wrote the report."}],"correctOptionId":"b","explanationVi":"Nhấn thời gian quá trình → had been writing."}'::jsonb),
 ('b1-u02-l2-q1','b1-u02-l2','multiple_choice',8,'quiz','easy',true,'{"question":"Chọn câu ĐÚNG giải thích lý do mệt:","options":[{"id":"a","text":"She was tired because she had been running."},{"id":"b","text":"She was tired because she had run."},{"id":"c","text":"She is tired because she has been running."}],"correctOptionId":"a","explanationVi":"Giải thích trạng thái quá khứ bằng had been running."}'::jsonb),
 ('b1-u02-l2-q2','b1-u02-l2','grammar_fill_blank',9,'quiz','easy',true,'{"question":"Chia động từ: \"His hands were dirty because he ___ (repair) his bicycle.\"","acceptedAnswers":["had been repairing"],"explanationVi":"Sửa xe trước khi tay bẩn: had been repairing."}'::jsonb),
 ('b1-u02-l2-q3','b1-u02-l2','multiple_choice',10,'quiz','medium',true,'{"question":"Câu nào nhấn mạnh KẾT QUẢ hoàn thành?","options":[{"id":"a","text":"He had been writing the email."},{"id":"b","text":"He had written the email."},{"id":"c","text":"He was writing the email."}],"correctOptionId":"b","explanationVi":"had written = nhấn kết quả hoàn thành."}'::jsonb),
 ('b1-u02-l2-q4','b1-u02-l2','grammar_fill_blank',11,'quiz','medium',true,'{"question":"Chia động từ: \"I couldn''t concentrate because they ___ (make) noise.\"","acceptedAnswers":["had been making"],"explanationVi":"Tiếng ồn kéo dài gây mất tập trung: had been making."}'::jsonb),
 ('b1-u02-l2-q5','b1-u02-l2','sentence_ordering',12,'quiz','hard',true,'{"question":"Sắp xếp thành câu đúng:","tokens":["tired","She","been","had","was","because","studying"],"correctOrder":[1,4,5,1,3,2,6],"explanationVi":"She was tired because she had been studying."}'::jsonb),
 ('b1-u02-l2-q6','b1-u02-l2','vocabulary_match',13,'quiz','easy',true,'{"question":"Nối từ với nghĩa:","pairs":[{"left":"exhausted","right":"kiệt sức"},{"left":"nervous","right":"hồi hộp"},{"left":"concentrate","right":"tập trung"}],"explanationVi":"Ghép đúng từng từ."}'::jsonb),
 ('b1-u02-l2-q7','b1-u02-l2','grammar_fill_blank',14,'quiz','hard',true,'{"question":"Chia động từ: \"When she called, he ___ (drive) for three hours.\"","acceptedAnswers":["had been driving"],"explanationVi":"Lái xe liên tục trước khi nhận cuộc gọi: had been driving."}'::jsonb);

INSERT INTO learning_lessons (id, level_code, skill_code, unit_id, lesson_type, lesson_order, title, subtitle, duration_minutes, xp_reward, required_score_to_pass, content, theory_content) VALUES
 ('b1-u02-l3','B1','reading','b1-u02','normal',3,'Daily Life & Health','Từ vựng: Cuộc sống hàng ngày & Sức khỏe',10,20,70,'{}'::jsonb,
  '{"warmup":"Bạn có thói quen lành mạnh không? Hãy nghĩ về chế độ ăn, luyện tập và thói quen hàng ngày.",
    "objectives":["Học 10 từ vựng về cuộc sống hàng ngày và sức khỏe","Dùng từ trong câu nói về thói quen và thay đổi lối sống"],
    "vocabBlock":[
      {"word":"diet","ipa":"/ˈdaɪət/","meaningVi":"chế độ ăn uống","example":"A healthy diet includes vegetables and fruit."},
      {"word":"exercise","ipa":"/ˈeksəsaɪz/","meaningVi":"tập thể dục","example":"She exercises three times a week."},
      {"word":"habit","ipa":"/ˈhæbɪt/","meaningVi":"thói quen","example":"Reading before bed is a good habit."},
      {"word":"lifestyle","ipa":"/ˈlaɪfstaɪl/","meaningVi":"lối sống","example":"He has changed his lifestyle completely."},
      {"word":"routine","ipa":"/ruːˈtiːn/","meaningVi":"thói quen hàng ngày","example":"My morning routine takes 30 minutes."},
      {"word":"stress","ipa":"/stres/","meaningVi":"căng thẳng","example":"Too much work causes stress."},
      {"word":"improve","ipa":"/ɪmˈpruːv/","meaningVi":"cải thiện","example":"He has improved his English."},
      {"word":"develop","ipa":"/dɪˈveləp/","meaningVi":"phát triển","example":"She wants to develop new skills."},
      {"word":"maintain","ipa":"/meɪnˈteɪn/","meaningVi":"duy trì","example":"It is hard to maintain a healthy weight."},
      {"word":"reduce","ipa":"/rɪˈdjuːs/","meaningVi":"giảm, hạn chế","example":"He has reduced his sugar intake."}],
    "examples":[
      {"en":"I have been trying to improve my diet recently.","vi":"Gần đây tôi đã cố gắng cải thiện chế độ ăn."},
      {"en":"She has developed a regular exercise routine.","vi":"Cô ấy đã xây dựng thói quen tập thể dục đều đặn."},
      {"en":"Reducing stress is important for a healthy lifestyle.","vi":"Giảm căng thẳng rất quan trọng cho lối sống lành mạnh."}],
    "commonMistakes":["diet (n) = chế độ ăn, không chỉ ăn kiêng.","exercise có thể là danh từ hoặc động từ."],
    "tips":["Kết hợp từ với present perfect continuous: I have been reducing stress by exercising."]}'::jsonb);

INSERT INTO learning_lesson_activities (id, lesson_id, activity_type, display_order, phase, difficulty, counts_toward_mastery, payload) VALUES
 ('b1-u02-l3-p1','b1-u02-l3','vocabulary_match',1,'practice','easy',false,'{"question":"Nối từ với nghĩa tiếng Việt:","pairs":[{"left":"diet","right":"chế độ ăn uống"},{"left":"exercise","right":"tập thể dục"},{"left":"habit","right":"thói quen"},{"left":"stress","right":"căng thẳng"}],"explanationVi":"Ghép đúng từng từ."}'::jsonb),
 ('b1-u02-l3-p2','b1-u02-l3','vocabulary_match',2,'practice','easy',false,'{"question":"Nối từ với nghĩa:","pairs":[{"left":"improve","right":"cải thiện"},{"left":"develop","right":"phát triển"},{"left":"maintain","right":"duy trì"},{"left":"reduce","right":"giảm"}],"explanationVi":"Ghép đúng từng động từ."}'::jsonb),
 ('b1-u02-l3-p3','b1-u02-l3','multiple_choice',3,'practice','easy',false,'{"question":"Từ nào có nghĩa là ''lối sống''?","options":[{"id":"a","text":"routine"},{"id":"b","text":"lifestyle"},{"id":"c","text":"habit"}],"correctOptionId":"b","explanationVi":"lifestyle = lối sống."}'::jsonb),
 ('b1-u02-l3-p4','b1-u02-l3','multiple_choice',4,'practice','medium',false,'{"question":"Điền từ phù hợp: ''She wants to ___ her stress by doing yoga.''","options":[{"id":"a","text":"develop"},{"id":"b","text":"reduce"},{"id":"c","text":"maintain"}],"correctOptionId":"b","explanationVi":"reduce = giảm (stress)."}'::jsonb),
 ('b1-u02-l3-p5','b1-u02-l3','translation',5,'practice','medium',false,'{"question":"Dịch sang tiếng Anh:","sourceText":"Anh ấy đã cải thiện chế độ ăn và tập thể dục đều đặn.","acceptedAnswers":["He has improved his diet and exercises regularly.","He improved his diet and exercises regularly."],"explanationVi":"improved his diet + exercises regularly."}'::jsonb),
 ('b1-u02-l3-p6','b1-u02-l3','grammar_fill_blank',6,'practice','medium',false,'{"question":"Điền từ đúng: ''It is important to ___ a healthy weight.'' (duy trì)","acceptedAnswers":["maintain"],"explanationVi":"maintain = duy trì."}'::jsonb),
 ('b1-u02-l3-p7','b1-u02-l3','multiple_choice',7,'practice','medium',false,'{"question":"Từ nào có nghĩa là ''lịch sinh hoạt hàng ngày''?","options":[{"id":"a","text":"lifestyle"},{"id":"b","text":"routine"},{"id":"c","text":"diet"}],"correctOptionId":"b","explanationVi":"routine = lịch sinh hoạt hàng ngày."}'::jsonb),
 ('b1-u02-l3-q1','b1-u02-l3','vocabulary_match',8,'quiz','easy',true,'{"question":"Nối từ với nghĩa:","pairs":[{"left":"reduce","right":"giảm"},{"left":"maintain","right":"duy trì"},{"left":"improve","right":"cải thiện"}],"explanationVi":"Ghép đúng từng động từ."}'::jsonb),
 ('b1-u02-l3-q2','b1-u02-l3','multiple_choice',9,'quiz','easy',true,'{"question":"Từ nào có nghĩa là ''chế độ ăn uống''?","options":[{"id":"a","text":"habit"},{"id":"b","text":"routine"},{"id":"c","text":"diet"}],"correctOptionId":"c","explanationVi":"diet = chế độ ăn uống."}'::jsonb),
 ('b1-u02-l3-q3','b1-u02-l3','multiple_choice',10,'quiz','medium',true,'{"question":"Điền từ đúng: ''He has ___ a new exercise habit.'' (phát triển)","options":[{"id":"a","text":"reduced"},{"id":"b","text":"developed"},{"id":"c","text":"maintained"}],"correctOptionId":"b","explanationVi":"develop a habit = hình thành thói quen."}'::jsonb),
 ('b1-u02-l3-q4','b1-u02-l3','grammar_fill_blank',11,'quiz','medium',true,'{"question":"Điền từ đúng: ''Too much work causes ___.'' (căng thẳng)","acceptedAnswers":["stress"],"explanationVi":"stress = căng thẳng."}'::jsonb),
 ('b1-u02-l3-q5','b1-u02-l3','vocabulary_match',12,'quiz','medium',true,'{"question":"Nối từ với nghĩa:","pairs":[{"left":"lifestyle","right":"lối sống"},{"left":"routine","right":"lịch sinh hoạt"},{"left":"stress","right":"căng thẳng"},{"left":"exercise","right":"tập thể dục"}],"explanationVi":"Ghép đúng bốn từ."}'::jsonb),
 ('b1-u02-l3-q6','b1-u02-l3','sentence_ordering',13,'quiz','hard',true,'{"question":"Sắp xếp thành câu đúng:","tokens":["been","She","reduce","has","trying","to","her stress"],"correctOrder":[1,3,4,0,2,5,6],"explanationVi":"She has been trying to reduce her stress."}'::jsonb),
 ('b1-u02-l3-q7','b1-u02-l3','grammar_fill_blank',14,'quiz','hard',true,'{"question":"Điền từ đúng: ''Reducing ___ is key to a healthy lifestyle.'' (căng thẳng)","acceptedAnswers":["stress"],"explanationVi":"stress = căng thẳng."}'::jsonb);

INSERT INTO learning_lessons (id, level_code, skill_code, unit_id, lesson_type, lesson_order, title, subtitle, duration_minutes, xp_reward, required_score_to_pass, content, theory_content) VALUES
 ('b1-u02-l4','B1','listening','b1-u02','normal',4,'Moving to a New City','Nghe hiểu: Chuyển đến thành phố mới',10,20,70,'{}'::jsonb,
  '{"warmup":"Hãy tưởng tượng bạn vừa chuyển đến một thành phố mới. Cuộc sống thay đổi thế nào?",
    "objectives":["Nghe và hiểu bài nói về thay đổi cuộc sống","Nhận biết thì hiện tại hoàn thành tiếp diễn qua ngữ cảnh nghe"],
    "vocabBlock":[
      {"word":"settle in","ipa":"/ˈsetl ɪn/","meaningVi":"ổn định, quen dần","example":"It takes time to settle in a new city."},
      {"word":"challenge","ipa":"/ˈtʃælɪndʒ/","meaningVi":"thách thức","example":"Moving alone is a big challenge."},
      {"word":"neighbourhood","ipa":"/ˈneɪbəhʊd/","meaningVi":"khu phố","example":"I love my new neighbourhood."},
      {"word":"commute","ipa":"/kəˈmjuːt/","meaningVi":"đi làm hàng ngày","example":"The daily commute is tiring."}],
    "examples":[
      {"en":"Hi, my name is David. I moved to Ho Chi Minh City six months ago. It has been an amazing experience, but also quite challenging. I have been trying to learn Vietnamese, and I have been making some progress. The city is very busy and I have been getting used to the noise and the traffic. I have been meeting new people at work, and I have already made some good friends. I feel much more settled now than I did when I first arrived.","vi":"Xin chào, tôi là David. Tôi chuyển đến Thành phố Hồ Chí Minh sáu tháng trước. Đây là trải nghiệm tuyệt vời nhưng cũng khá thử thách. Tôi đã cố gắng học tiếng Việt và đã có một số tiến bộ. Thành phố rất nhộn nhịp và tôi đang dần quen với tiếng ồn và giao thông. Tôi đã gặp gỡ nhiều người mới ở chỗ làm và đã kết bạn được. Bây giờ tôi cảm thấy ổn định hơn nhiều so với lúc mới đến."}],
    "commonMistakes":["Nghe kỹ thì của động từ để hiểu hành động đã kết thúc hay còn tiếp diễn."],
    "tips":["Chú ý các cụm have been + V-ing để biết hành động nào David vẫn đang làm."]}'::jsonb);

INSERT INTO learning_lesson_activities (id, lesson_id, activity_type, display_order, phase, difficulty, counts_toward_mastery, payload) VALUES
 ('b1-u02-l4-p1','b1-u02-l4','multiple_choice',1,'practice','easy',false,'{"question":"David đã chuyển đến Thành phố Hồ Chí Minh bao lâu?","options":[{"id":"a","text":"Ba tháng"},{"id":"b","text":"Sáu tháng"},{"id":"c","text":"Một năm"}],"correctOptionId":"b","explanationVi":"six months ago → sáu tháng."}'::jsonb),
 ('b1-u02-l4-p2','b1-u02-l4','multiple_choice',2,'practice','easy',false,'{"question":"David đang cố gắng học điều gì?","options":[{"id":"a","text":"Lái xe máy"},{"id":"b","text":"Tiếng Việt"},{"id":"c","text":"Nấu ăn"}],"correctOptionId":"b","explanationVi":"I have been trying to learn Vietnamese."}'::jsonb),
 ('b1-u02-l4-p3','b1-u02-l4','multiple_choice',3,'practice','medium',false,'{"question":"David gặp gỡ bạn bè mới ở đâu?","options":[{"id":"a","text":"Ở phố"},{"id":"b","text":"Trên mạng"},{"id":"c","text":"Ở chỗ làm"}],"correctOptionId":"c","explanationVi":"I have been meeting new people at work."}'::jsonb),
 ('b1-u02-l4-p4','b1-u02-l4','vocabulary_match',4,'practice','easy',false,'{"question":"Nối từ với nghĩa:","pairs":[{"left":"settle in","right":"ổn định, quen dần"},{"left":"challenge","right":"thách thức"},{"left":"neighbourhood","right":"khu phố"},{"left":"commute","right":"đi làm hàng ngày"}],"explanationVi":"Ghép đúng từng từ."}'::jsonb),
 ('b1-u02-l4-p5','b1-u02-l4','multiple_choice',5,'practice','medium',false,'{"question":"David cảm thấy thế nào bây giờ so với lúc mới đến?","options":[{"id":"a","text":"Cô đơn hơn"},{"id":"b","text":"Ổn định hơn"},{"id":"c","text":"Căng thẳng hơn"}],"correctOptionId":"b","explanationVi":"I feel much more settled now."}'::jsonb),
 ('b1-u02-l4-p6','b1-u02-l4','multiple_choice',6,'practice','medium',false,'{"question":"Thành phố nào David chuyển đến?","options":[{"id":"a","text":"Hà Nội"},{"id":"b","text":"Đà Nẵng"},{"id":"c","text":"Thành phố Hồ Chí Minh"}],"correctOptionId":"c","explanationVi":"I moved to Ho Chi Minh City."}'::jsonb),
 ('b1-u02-l4-p7','b1-u02-l4','grammar_fill_blank',7,'practice','medium',false,'{"question":"Hoàn thành theo bài: ''David has been ___ (get) used to the noise.''","acceptedAnswers":["getting"],"explanationVi":"have been getting = đang dần quen."}'::jsonb),
 ('b1-u02-l4-q1','b1-u02-l4','listening_choice',8,'quiz','easy',true,'{"audioText":"Hi, my name is David. I moved to Ho Chi Minh City six months ago. It has been an amazing experience, but also quite challenging. I have been trying to learn Vietnamese, and I have been making some progress.","question":"How long has David lived in Ho Chi Minh City?","options":[{"id":"a","text":"Three months"},{"id":"b","text":"Six months"},{"id":"c","text":"One year"}],"correctOptionId":"b","explanationVi":"six months ago → sáu tháng."}'::jsonb),
 ('b1-u02-l4-q2','b1-u02-l4','listening_choice',9,'quiz','easy',true,'{"audioText":"The city is very busy and I have been getting used to the noise and the traffic. I have been meeting new people at work, and I have already made some good friends.","question":"Where has David been meeting new people?","options":[{"id":"a","text":"At the gym"},{"id":"b","text":"In the neighbourhood"},{"id":"c","text":"At work"}],"correctOptionId":"c","explanationVi":"meeting new people at work."}'::jsonb),
 ('b1-u02-l4-q3','b1-u02-l4','multiple_choice',10,'quiz','medium',true,'{"question":"Thì nào David dùng để nói về quá trình học tiếng Việt?","options":[{"id":"a","text":"Present simple"},{"id":"b","text":"Present perfect continuous"},{"id":"c","text":"Past simple"}],"correctOptionId":"b","explanationVi":"have been trying = present perfect continuous."}'::jsonb),
 ('b1-u02-l4-q4','b1-u02-l4','grammar_fill_blank',11,'quiz','medium',true,'{"question":"Hoàn thành: ''I have already ___ some good friends.'' (make)","acceptedAnswers":["made"],"explanationVi":"have already made = đã kết bạn được."}'::jsonb),
 ('b1-u02-l4-q5','b1-u02-l4','multiple_choice',12,'quiz','medium',true,'{"question":"David mô tả trải nghiệm là:","options":[{"id":"a","text":"Amazing and boring"},{"id":"b","text":"Amazing and challenging"},{"id":"c","text":"Easy and relaxing"}],"correctOptionId":"b","explanationVi":"amazing experience, but also quite challenging."}'::jsonb),
 ('b1-u02-l4-q6','b1-u02-l4','vocabulary_match',13,'quiz','easy',true,'{"question":"Nối từ với nghĩa:","pairs":[{"left":"settle in","right":"ổn định, quen dần"},{"left":"challenge","right":"thách thức"},{"left":"neighbourhood","right":"khu phố"}],"explanationVi":"Ghép đúng từng từ."}'::jsonb),
 ('b1-u02-l4-q7','b1-u02-l4','listening_choice',14,'quiz','hard',true,'{"audioText":"I feel much more settled now than I did when I first arrived.","question":"How does David feel now compared to when he first arrived?","options":[{"id":"a","text":"More lonely"},{"id":"b","text":"More stressed"},{"id":"c","text":"More settled"}],"correctOptionId":"c","explanationVi":"much more settled now."}'::jsonb);

INSERT INTO learning_lessons (id, level_code, skill_code, unit_id, lesson_type, lesson_order, title, subtitle, duration_minutes, xp_reward, required_score_to_pass, content, theory_content) VALUES
 ('b1-u02-l5','B1','listening','b1-u02','unit_review',5,'Unit 2 Review','Ôn tập Unit 2: Trải nghiệm gần đây & Thay đổi',12,30,75,'{}'::jsonb,
  '{"warmup":"Ôn tập Unit 2: present perfect continuous, past perfect continuous và từ vựng cuộc sống & sức khỏe.","objectives":["Tổng hợp can-do Unit 2","Đạt ≥ 75% để hoàn thành Unit"],"vocabBlock":[],"examples":[],"commonMistakes":[],"tips":["Cần đúng ≥ 8/10 để qua Unit."]}'::jsonb);

INSERT INTO learning_lesson_activities (id, lesson_id, activity_type, display_order, phase, difficulty, counts_toward_mastery, payload) VALUES
 ('b1-u02-l5-q1','b1-u02-l5','grammar_fill_blank',1,'quiz','easy',true,'{"question":"Chia động từ: ''I ___ (study) English for two years now.''","acceptedAnswers":["have been studying","''ve been studying"],"explanationVi":"for + kéo dài đến nay → have been studying."}'::jsonb),
 ('b1-u02-l5-q2','b1-u02-l5','multiple_choice',2,'quiz','easy',true,'{"question":"Chọn câu nhấn mạnh thời gian chờ đang diễn ra:","options":[{"id":"a","text":"I waited for an hour."},{"id":"b","text":"I have been waiting for an hour."},{"id":"c","text":"I had waited for an hour."}],"correctOptionId":"b","explanationVi":"Đang chờ (còn kéo dài) → have been waiting."}'::jsonb),
 ('b1-u02-l5-q3','b1-u02-l5','multiple_choice',3,'quiz','easy',true,'{"question":"Từ nào có nghĩa là ''duy trì''?","options":[{"id":"a","text":"reduce"},{"id":"b","text":"develop"},{"id":"c","text":"maintain"}],"correctOptionId":"c","explanationVi":"maintain = duy trì."}'::jsonb),
 ('b1-u02-l5-q4','b1-u02-l5','grammar_fill_blank',4,'quiz','medium',true,'{"question":"Chia động từ: ''She was exhausted because she ___ (work) all day.''","acceptedAnswers":["had been working"],"explanationVi":"Giải thích trạng thái quá khứ: had been working."}'::jsonb),
 ('b1-u02-l5-q5','b1-u02-l5','multiple_choice',5,'quiz','medium',true,'{"question":"Chọn câu ĐÚNG với since:","options":[{"id":"a","text":"He has been working here since three years."},{"id":"b","text":"He has been working here since 2021."},{"id":"c","text":"He has been working here for 2021."}],"correctOptionId":"b","explanationVi":"since + mốc cụ thể: since 2021."}'::jsonb),
 ('b1-u02-l5-q6','b1-u02-l5','vocabulary_match',6,'quiz','medium',true,'{"question":"Nối từ với nghĩa:","pairs":[{"left":"diet","right":"chế độ ăn"},{"left":"habit","right":"thói quen"},{"left":"stress","right":"căng thẳng"},{"left":"lifestyle","right":"lối sống"}],"explanationVi":"Ghép đúng từng từ."}'::jsonb),
 ('b1-u02-l5-q7','b1-u02-l5','grammar_fill_blank',7,'quiz','medium',true,'{"question":"Chia động từ: ''How long ___ you ___ (know) her?''","acceptedAnswers":["have you known"],"explanationVi":"know là stative verb → have known."}'::jsonb),
 ('b1-u02-l5-q8','b1-u02-l5','sentence_ordering',8,'quiz','hard',true,'{"question":"Sắp xếp thành câu đúng:","tokens":["She","has","been","trying","to","reduce","her stress"],"correctOrder":[0,1,2,3,4,5,6],"explanationVi":"She has been trying to reduce her stress."}'::jsonb),
 ('b1-u02-l5-q9','b1-u02-l5','multiple_choice',9,'quiz','medium',true,'{"question":"Chọn câu nhấn mạnh KẾT QUẢ hoàn thành:","options":[{"id":"a","text":"I have been reading the book."},{"id":"b","text":"I have read the book."},{"id":"c","text":"I was reading the book."}],"correctOptionId":"b","explanationVi":"have read = đã đọc xong (kết quả)."}'::jsonb),
 ('b1-u02-l5-q10','b1-u02-l5','grammar_fill_blank',10,'quiz','hard',true,'{"question":"Chia động từ: ''His hands were dirty because he ___ (repair) the car.''","acceptedAnswers":["had been repairing"],"explanationVi":"Sửa xe liên tục trước khi tay bẩn: had been repairing."}'::jsonb);

UPDATE learning_units SET review_lesson_id = 'b1-u02-l5' WHERE id = 'b1-u02';


-- ── UNIT 03 — Hopes & Dreams ──

INSERT INTO learning_lessons (id, level_code, skill_code, unit_id, lesson_type, lesson_order, title, subtitle, duration_minutes, xp_reward, required_score_to_pass, content, theory_content) VALUES
 ('b1-u03-l1','B1','reading','b1-u03','normal',1,'First & Second Conditional','If + present → will; If + past → would',10,20,70,'{}'::jsonb,
  '{"warmup":"''Nếu trời nắng, tôi sẽ đi biển.'' vs ''Nếu tôi là triệu phú, tôi sẽ du lịch vòng quanh thế giới.'' Tình huống nào có thể xảy ra, tình huống nào là mơ ước?",
    "objectives":["Ôn lại first conditional: If + present simple, will + V","Dùng second conditional: If + past simple, would + V","Phân biệt khi nào dùng first vs second conditional"],
    "grammarHtml":"<b>First conditional</b> (có thể xảy ra):<br>If + present simple, will + V.<br>If it rains, I will stay at home.<br><b>Second conditional</b> (giả định, không có thật/khó xảy ra):<br>If + past simple, would + V.<br>If I had a million dollars, I would travel the world.<br><b>Lưu ý:</b> Động từ ''to be'' trong second conditional thường dùng ''were'' cho mọi chủ ngữ: If I were you, I would...",
    "vocabBlock":[
      {"word":"unless","ipa":"/ənˈles/","meaningVi":"trừ phi, nếu không","example":"I will go unless it rains."},
      {"word":"provided that","ipa":"/prəˈvaɪdɪd ðæt/","meaningVi":"miễn là","example":"I will help provided that you ask nicely."},
      {"word":"as long as","ipa":"/əz lɒŋ əz/","meaningVi":"miễn là, chừng nào","example":"I will stay as long as you need me."},
      {"word":"would","ipa":"/wʊd/","meaningVi":"sẽ (trong tình huống giả định)","example":"I would travel if I had time."},
      {"word":"were","ipa":"/wɜː/","meaningVi":"là (dạng giả định của to be)","example":"If I were rich, I would buy a house."}],
    "examples":[
      {"en":"If you study hard, you will pass the exam.","vi":"Nếu bạn học chăm, bạn sẽ đậu kỳ thi."},
      {"en":"If I were a doctor, I would help poor people.","vi":"Nếu tôi là bác sĩ, tôi sẽ giúp đỡ người nghèo."},
      {"en":"I would buy a car if I had more money.","vi":"Tôi sẽ mua xe nếu tôi có nhiều tiền hơn."},
      {"en":"If it doesn''t rain, we will have a picnic.","vi":"Nếu trời không mưa, chúng tôi sẽ đi picnic."}],
    "commonMistakes":["❌ ''If I would have money...'' → ✅ ''If I had money...'' (mệnh đề if không dùng would).","❌ ''If I was you'' → ✅ ''If I were you'' (dùng were trong second conditional)."],
    "tips":["First conditional = thực tế có thể xảy ra → dùng will.","Second conditional = tưởng tượng/giả định → dùng would."]}'::jsonb);

INSERT INTO learning_lesson_activities (id, lesson_id, activity_type, display_order, phase, difficulty, counts_toward_mastery, payload) VALUES
 ('b1-u03-l1-p1','b1-u03-l1','grammar_fill_blank',1,'practice','easy',false,'{"question":"First conditional: ''If it ___ (rain), I ___ (stay) at home.''","acceptedAnswers":["rains, I will stay","rains, I''ll stay"],"explanationVi":"If + present simple, will + V."}'::jsonb),
 ('b1-u03-l1-p2','b1-u03-l1','multiple_choice',2,'practice','easy',false,'{"question":"Chọn câu second conditional ĐÚNG:","options":[{"id":"a","text":"If I have money, I would travel."},{"id":"b","text":"If I had money, I would travel."},{"id":"c","text":"If I would have money, I would travel."}],"correctOptionId":"b","explanationVi":"If + past simple: If I had money."}'::jsonb),
 ('b1-u03-l1-p3','b1-u03-l1','vocabulary_match',3,'practice','easy',false,'{"question":"Nối từ với nghĩa:","pairs":[{"left":"unless","right":"trừ phi"},{"left":"provided that","right":"miễn là"},{"left":"as long as","right":"chừng nào"},{"left":"would","right":"sẽ (giả định)"}],"explanationVi":"Ghép đúng từng từ."}'::jsonb),
 ('b1-u03-l1-p4','b1-u03-l1','grammar_fill_blank',4,'practice','medium',false,'{"question":"Second conditional: ''If I ___ (be) you, I ___ (apologise).''","acceptedAnswers":["were, I would apologise","were, I''d apologise"],"explanationVi":"If I were you, I would apologise."}'::jsonb),
 ('b1-u03-l1-p5','b1-u03-l1','translation',5,'practice','medium',false,'{"question":"Dịch sang tiếng Anh (second conditional):","sourceText":"Nếu tôi là triệu phú, tôi sẽ du lịch vòng quanh thế giới.","acceptedAnswers":["If I were a millionaire, I would travel around the world.","If I was a millionaire, I would travel around the world."],"explanationVi":"If I were a millionaire, I would travel around the world."}'::jsonb),
 ('b1-u03-l1-p6','b1-u03-l1','error_correction',6,'practice','medium',false,'{"question":"Sửa lỗi:","sourceText":"If I would have more time, I would learn guitar.","acceptedAnswers":["If I had more time, I would learn guitar.","If I had more time, I''d learn guitar."],"explanationVi":"Mệnh đề if không dùng would: If I had more time."}'::jsonb),
 ('b1-u03-l1-p7','b1-u03-l1','multiple_choice',7,'practice','medium',false,'{"question":"Phân biệt: Câu nào là FIRST conditional (có thể xảy ra)?","options":[{"id":"a","text":"If I were a bird, I would fly."},{"id":"b","text":"If I had time, I would help you."},{"id":"c","text":"If she studies, she will pass."}],"correctOptionId":"c","explanationVi":"will = first conditional (thực tế có thể xảy ra)."}'::jsonb),
 ('b1-u03-l1-q1','b1-u03-l1','multiple_choice',8,'quiz','easy',true,'{"question":"Chọn câu ĐÚNG (first conditional):","options":[{"id":"a","text":"If it rains, I would stay at home."},{"id":"b","text":"If it rains, I will stay at home."},{"id":"c","text":"If it would rain, I will stay at home."}],"correctOptionId":"b","explanationVi":"First conditional: If + present simple, will + V."}'::jsonb),
 ('b1-u03-l1-q2','b1-u03-l1','grammar_fill_blank',9,'quiz','easy',true,'{"question":"Chia động từ: ''If she ___ (work) harder, she would get a promotion.''","acceptedAnswers":["worked"],"explanationVi":"Second conditional: If + past simple."}'::jsonb),
 ('b1-u03-l1-q3','b1-u03-l1','multiple_choice',10,'quiz','medium',true,'{"question":"Chọn câu second conditional ĐÚNG với to be:","options":[{"id":"a","text":"If I was you, I would accept."},{"id":"b","text":"If I am you, I will accept."},{"id":"c","text":"If I were you, I would accept."}],"correctOptionId":"c","explanationVi":"To be trong second conditional: were."}'::jsonb),
 ('b1-u03-l1-q4','b1-u03-l1','grammar_fill_blank',11,'quiz','medium',true,'{"question":"Chia động từ: ''If you leave now, you ___ (catch) the bus.''","acceptedAnswers":["will catch","''ll catch"],"explanationVi":"First conditional: will catch."}'::jsonb),
 ('b1-u03-l1-q5','b1-u03-l1','sentence_ordering',12,'quiz','hard',true,'{"question":"Sắp xếp thành câu second conditional:","tokens":["I","had","If","more money","would","I","travel"],"correctOrder":[2,0,1,3,5,4,6],"explanationVi":"If I had more money, I would travel."}'::jsonb),
 ('b1-u03-l1-q6','b1-u03-l1','vocabulary_match',13,'quiz','medium',true,'{"question":"Nối từ với nghĩa:","pairs":[{"left":"unless","right":"trừ phi"},{"left":"as long as","right":"miễn là"},{"left":"would","right":"sẽ (giả định)"}],"explanationVi":"Ghép đúng từng từ."}'::jsonb),
 ('b1-u03-l1-q7','b1-u03-l1','grammar_fill_blank',14,'quiz','hard',true,'{"question":"Chia động từ: ''Unless you hurry, you ___ (miss) the train.''","acceptedAnswers":["will miss","''ll miss"],"explanationVi":"unless = if not → will miss."}'::jsonb);

INSERT INTO learning_lessons (id, level_code, skill_code, unit_id, lesson_type, lesson_order, title, subtitle, duration_minutes, xp_reward, required_score_to_pass, content, theory_content) VALUES
 ('b1-u03-l2','B1','reading','b1-u03','normal',2,'Future Continuous','Will be doing: hành động đang xảy ra tại thời điểm tương lai',10,20,70,'{}'::jsonb,
  '{"warmup":"''Vào lúc 8 giờ tối mai, tôi sẽ đang học bài.'' Đây là hành động đang diễn ra tại thời điểm cụ thể trong tương lai — future continuous!",
    "objectives":["Dùng will be + V-ing để chỉ hành động đang diễn ra tại thời điểm tương lai","Phân biệt future simple (will do) với future continuous (will be doing)","Dùng thì này để nói về kế hoạch đã sắp xếp sẵn"],
    "grammarHtml":"<b>Cấu trúc:</b> S + will be + V-ing.<br><b>Dùng khi:</b><br>1. Hành động đang diễn ra tại thời điểm cụ thể trong tương lai: This time tomorrow, I will be flying to Singapore.<br>2. Kế hoạch đã sắp xếp sẵn: I will be meeting him at six.<br>3. Hỏi lịch của người khác một cách lịch sự: Will you be using the car tonight?<br><b>Phân biệt:</b> will do = quyết định ngay lúc nói; will be doing = đã sắp xếp/đang diễn ra.",
    "vocabBlock":[
      {"word":"this time tomorrow","ipa":"/ðɪs taɪm təˈmɒrəʊ/","meaningVi":"vào giờ này ngày mai","example":"This time tomorrow I will be travelling."},
      {"word":"at this time next week","ipa":"/æt ðɪs taɪm nekst wiːk/","meaningVi":"vào giờ này tuần sau","example":"She will be working at this time next week."},
      {"word":"meanwhile","ipa":"/ˈmiːnwaɪl/","meaningVi":"trong khi đó","example":"Meanwhile, he will be waiting."},
      {"word":"flight","ipa":"/flaɪt/","meaningVi":"chuyến bay","example":"Our flight leaves at ten."},
      {"word":"board","ipa":"/bɔːd/","meaningVi":"lên tàu/máy bay","example":"We will be boarding soon."}],
    "examples":[
      {"en":"This time next week, I will be lying on a beach.","vi":"Vào giờ này tuần sau, tôi sẽ đang nằm trên bãi biển."},
      {"en":"At 9 pm tonight, she will be studying for her exam.","vi":"Vào 9 giờ tối nay, cô ấy sẽ đang ôn thi."},
      {"en":"Will you be using the car tomorrow? I need a lift.","vi":"Ngày mai bạn có dùng xe không? Tôi cần đi nhờ."}],
    "commonMistakes":["❌ ''I will be travel tomorrow.'' → ✅ ''I will be travelling tomorrow.'' (thiếu -ing).","Không dùng stative verbs với will be + V-ing: ❌ ''I will be knowing'' → ✅ ''I will know.''"],
    "tips":["this time tomorrow/next week là dấu hiệu thường dùng với future continuous.","Hỏi lịch lịch sự: Will you be + V-ing...?"]}'::jsonb);

INSERT INTO learning_lesson_activities (id, lesson_id, activity_type, display_order, phase, difficulty, counts_toward_mastery, payload) VALUES
 ('b1-u03-l2-p1','b1-u03-l2','grammar_fill_blank',1,'practice','easy',false,'{"question":"Chia động từ: ''This time tomorrow, I ___ (fly) to London.''","acceptedAnswers":["will be flying","''ll be flying"],"explanationVi":"will be + V-ing: will be flying."}'::jsonb),
 ('b1-u03-l2-p2','b1-u03-l2','multiple_choice',2,'practice','easy',false,'{"question":"Chọn câu future continuous ĐÚNG:","options":[{"id":"a","text":"She will study at 9 pm."},{"id":"b","text":"She will be studying at 9 pm."},{"id":"c","text":"She is studying at 9 pm."}],"correctOptionId":"b","explanationVi":"Đang học tại thời điểm 9 pm → will be studying."}'::jsonb),
 ('b1-u03-l2-p3','b1-u03-l2','vocabulary_match',3,'practice','easy',false,'{"question":"Nối từ với nghĩa:","pairs":[{"left":"this time tomorrow","right":"vào giờ này ngày mai"},{"left":"meanwhile","right":"trong khi đó"},{"left":"flight","right":"chuyến bay"},{"left":"board","right":"lên máy bay"}],"explanationVi":"Ghép đúng từng từ."}'::jsonb),
 ('b1-u03-l2-p4','b1-u03-l2','grammar_fill_blank',4,'practice','medium',false,'{"question":"Đặt câu hỏi lịch sự: ''___ you ___ (use) the car tonight?''","acceptedAnswers":["Will you be using"],"explanationVi":"Will you be using = hỏi lịch lịch sự."}'::jsonb),
 ('b1-u03-l2-p5','b1-u03-l2','translation',5,'practice','medium',false,'{"question":"Dịch sang tiếng Anh:","sourceText":"Vào giờ này tuần sau, tôi sẽ đang nằm trên bãi biển.","acceptedAnswers":["This time next week, I will be lying on a beach.","This time next week I''ll be lying on a beach."],"explanationVi":"This time next week, I will be lying on a beach."}'::jsonb),
 ('b1-u03-l2-p6','b1-u03-l2','error_correction',6,'practice','medium',false,'{"question":"Sửa lỗi:","sourceText":"At 8 pm tonight, I will be watch a film.","acceptedAnswers":["At 8 pm tonight, I will be watching a film.","At 8 pm tonight I''ll be watching a film."],"explanationVi":"will be + V-ing: will be watching."}'::jsonb),
 ('b1-u03-l2-p7','b1-u03-l2','multiple_choice',7,'practice','medium',false,'{"question":"Chọn câu phù hợp với tình huống: ''Vào 9 giờ sáng mai, tôi đang trong cuộc họp.''","options":[{"id":"a","text":"I will have a meeting at 9 am tomorrow."},{"id":"b","text":"I will be having a meeting at 9 am tomorrow."},{"id":"c","text":"I am having a meeting at 9 am tomorrow."}],"correctOptionId":"b","explanationVi":"Đang diễn ra tại thời điểm tương lai → will be having."}'::jsonb),
 ('b1-u03-l2-q1','b1-u03-l2','multiple_choice',8,'quiz','easy',true,'{"question":"Chọn câu ĐÚNG: ''At midnight, they ___.''","options":[{"id":"a","text":"will sleep"},{"id":"b","text":"will be sleeping"},{"id":"c","text":"are sleeping"}],"correctOptionId":"b","explanationVi":"Đang ngủ tại thời điểm nửa đêm → will be sleeping."}'::jsonb),
 ('b1-u03-l2-q2','b1-u03-l2','grammar_fill_blank',9,'quiz','easy',true,'{"question":"Chia động từ: ''This time next year, she ___ (study) at university.''","acceptedAnswers":["will be studying","''ll be studying"],"explanationVi":"Tại thời điểm tương lai cụ thể → will be studying."}'::jsonb),
 ('b1-u03-l2-q3','b1-u03-l2','multiple_choice',10,'quiz','medium',true,'{"question":"Câu hỏi nào lịch sự nhất để hỏi mượn xe?","options":[{"id":"a","text":"Do you use the car tonight?"},{"id":"b","text":"Will you be using the car tonight?"},{"id":"c","text":"Are you using the car tonight?"}],"correctOptionId":"b","explanationVi":"Will you be using = hỏi lịch lịch sự."}'::jsonb),
 ('b1-u03-l2-q4','b1-u03-l2','grammar_fill_blank',11,'quiz','medium',true,'{"question":"Chia động từ: ''They ___ (not/work) this time tomorrow.''","acceptedAnswers":["will not be working","won''t be working"],"explanationVi":"Phủ định: won''t be working."}'::jsonb),
 ('b1-u03-l2-q5','b1-u03-l2','sentence_ordering',12,'quiz','hard',true,'{"question":"Sắp xếp thành câu đúng:","tokens":["be","I","will","on a beach","lying","next week","this time"],"correctOrder":[6,5,0,1,2,4,3],"explanationVi":"This time next week, I will be lying on a beach."}'::jsonb),
 ('b1-u03-l2-q6','b1-u03-l2','vocabulary_match',13,'quiz','medium',true,'{"question":"Nối từ với nghĩa:","pairs":[{"left":"this time tomorrow","right":"vào giờ này ngày mai"},{"left":"meanwhile","right":"trong khi đó"},{"left":"board","right":"lên máy bay"}],"explanationVi":"Ghép đúng từng từ."}'::jsonb),
 ('b1-u03-l2-q7','b1-u03-l2','grammar_fill_blank',14,'quiz','hard',true,'{"question":"Chia động từ: ''At 10 am tomorrow, he ___ (present) his project.''","acceptedAnswers":["will be presenting","''ll be presenting"],"explanationVi":"Đang trình bày tại thời điểm tương lai → will be presenting."}'::jsonb);

INSERT INTO learning_lessons (id, level_code, skill_code, unit_id, lesson_type, lesson_order, title, subtitle, duration_minutes, xp_reward, required_score_to_pass, content, theory_content) VALUES
 ('b1-u03-l3','B1','reading','b1-u03','normal',3,'Work & Study Goals','Từ vựng: Mục tiêu công việc & Học tập',10,20,70,'{}'::jsonb,
  '{"warmup":"Ước mơ nghề nghiệp của bạn là gì? Hãy nghĩ về những từ liên quan đến career và education!",
    "objectives":["Học 10 từ vựng về công việc và mục tiêu học tập","Dùng từ trong câu nói về ước mơ và kế hoạch"],
    "vocabBlock":[
      {"word":"career","ipa":"/kəˈrɪə/","meaningVi":"sự nghiệp, nghề nghiệp","example":"She wants to build a career in medicine."},
      {"word":"degree","ipa":"/dɪˈɡriː/","meaningVi":"bằng đại học","example":"He has a degree in engineering."},
      {"word":"qualification","ipa":"/ˌkwɒlɪfɪˈkeɪʃn/","meaningVi":"bằng cấp, chứng chỉ","example":"You need the right qualifications for this job."},
      {"word":"salary","ipa":"/ˈsæləri/","meaningVi":"lương","example":"The salary is quite good."},
      {"word":"promotion","ipa":"/prəˈməʊʃn/","meaningVi":"thăng chức","example":"She got a promotion last year."},
      {"word":"apply","ipa":"/əˈplaɪ/","meaningVi":"nộp đơn, ứng tuyển","example":"I am going to apply for that job."},
      {"word":"achieve","ipa":"/əˈtʃiːv/","meaningVi":"đạt được","example":"He achieved his goal."},
      {"word":"succeed","ipa":"/səkˈsiːd/","meaningVi":"thành công","example":"If you work hard, you will succeed."},
      {"word":"opportunity","ipa":"/ˌɒpəˈtjuːnɪti/","meaningVi":"cơ hội","example":"This is a great opportunity."},
      {"word":"challenge","ipa":"/ˈtʃælɪndʒ/","meaningVi":"thách thức","example":"Starting a new job is always a challenge."}],
    "examples":[
      {"en":"If I get a degree, I will have more opportunities.","vi":"Nếu tôi có bằng đại học, tôi sẽ có nhiều cơ hội hơn."},
      {"en":"She wants to succeed in her career.","vi":"Cô ấy muốn thành công trong sự nghiệp."},
      {"en":"I am going to apply for a promotion next month.","vi":"Tháng tới tôi sẽ nộp đơn xin thăng chức."}],
    "commonMistakes":["career (n) ≠ job; career = sự nghiệp lâu dài, job = công việc cụ thể.","apply for (nộp đơn cho) vs apply to (nộp đơn vào trường/công ty)."],
    "tips":["Kết hợp từ với first/second conditional để nói về mục tiêu."]}'::jsonb);

INSERT INTO learning_lesson_activities (id, lesson_id, activity_type, display_order, phase, difficulty, counts_toward_mastery, payload) VALUES
 ('b1-u03-l3-p1','b1-u03-l3','vocabulary_match',1,'practice','easy',false,'{"question":"Nối từ với nghĩa tiếng Việt:","pairs":[{"left":"career","right":"sự nghiệp"},{"left":"degree","right":"bằng đại học"},{"left":"salary","right":"lương"},{"left":"promotion","right":"thăng chức"}],"explanationVi":"Ghép đúng từng từ."}'::jsonb),
 ('b1-u03-l3-p2','b1-u03-l3','vocabulary_match',2,'practice','easy',false,'{"question":"Nối từ với nghĩa:","pairs":[{"left":"apply","right":"nộp đơn"},{"left":"achieve","right":"đạt được"},{"left":"succeed","right":"thành công"},{"left":"opportunity","right":"cơ hội"}],"explanationVi":"Ghép đúng từng từ."}'::jsonb),
 ('b1-u03-l3-p3','b1-u03-l3','multiple_choice',3,'practice','easy',false,'{"question":"Từ nào có nghĩa là ''bằng cấp, chứng chỉ''?","options":[{"id":"a","text":"salary"},{"id":"b","text":"qualification"},{"id":"c","text":"promotion"}],"correctOptionId":"b","explanationVi":"qualification = bằng cấp, chứng chỉ."}'::jsonb),
 ('b1-u03-l3-p4','b1-u03-l3','multiple_choice',4,'practice','medium',false,'{"question":"Điền từ phù hợp: ''She is going to ___ for a job at Google.''","options":[{"id":"a","text":"achieve"},{"id":"b","text":"apply"},{"id":"c","text":"succeed"}],"correctOptionId":"b","explanationVi":"apply for = nộp đơn ứng tuyển."}'::jsonb),
 ('b1-u03-l3-p5','b1-u03-l3','translation',5,'practice','medium',false,'{"question":"Dịch sang tiếng Anh:","sourceText":"Nếu tôi làm việc chăm chỉ, tôi sẽ thành công trong sự nghiệp.","acceptedAnswers":["If I work hard, I will succeed in my career.","If I work hard I will succeed in my career."],"explanationVi":"If I work hard, I will succeed in my career."}'::jsonb),
 ('b1-u03-l3-p6','b1-u03-l3','grammar_fill_blank',6,'practice','medium',false,'{"question":"Điền từ đúng: ''Getting a good ___ opens many doors in life.'' (bằng đại học)","acceptedAnswers":["degree"],"explanationVi":"degree = bằng đại học."}'::jsonb),
 ('b1-u03-l3-p7','b1-u03-l3','multiple_choice',7,'practice','medium',false,'{"question":"Từ nào mô tả việc đạt đến mục tiêu?","options":[{"id":"a","text":"challenge"},{"id":"b","text":"achieve"},{"id":"c","text":"apply"}],"correctOptionId":"b","explanationVi":"achieve = đạt được (mục tiêu)."}'::jsonb),
 ('b1-u03-l3-q1','b1-u03-l3','vocabulary_match',8,'quiz','easy',true,'{"question":"Nối từ với nghĩa:","pairs":[{"left":"succeed","right":"thành công"},{"left":"achieve","right":"đạt được"},{"left":"apply","right":"nộp đơn"}],"explanationVi":"Ghép đúng từng từ."}'::jsonb),
 ('b1-u03-l3-q2','b1-u03-l3','multiple_choice',9,'quiz','easy',true,'{"question":"Từ nào có nghĩa là ''thăng chức''?","options":[{"id":"a","text":"degree"},{"id":"b","text":"salary"},{"id":"c","text":"promotion"}],"correctOptionId":"c","explanationVi":"promotion = thăng chức."}'::jsonb),
 ('b1-u03-l3-q3','b1-u03-l3','multiple_choice',10,'quiz','medium',true,'{"question":"Điền từ đúng: ''This job is a great ___ to learn new skills.''","options":[{"id":"a","text":"challenge"},{"id":"b","text":"opportunity"},{"id":"c","text":"qualification"}],"correctOptionId":"b","explanationVi":"opportunity = cơ hội."}'::jsonb),
 ('b1-u03-l3-q4','b1-u03-l3','grammar_fill_blank',11,'quiz','medium',true,'{"question":"Điền từ đúng: ''You need the right ___ for this position.'' (bằng cấp)","acceptedAnswers":["qualifications","qualification"],"explanationVi":"qualification(s) = bằng cấp."}'::jsonb),
 ('b1-u03-l3-q5','b1-u03-l3','vocabulary_match',12,'quiz','medium',true,'{"question":"Nối từ với nghĩa:","pairs":[{"left":"career","right":"sự nghiệp"},{"left":"degree","right":"bằng đại học"},{"left":"salary","right":"lương"},{"left":"challenge","right":"thách thức"}],"explanationVi":"Ghép đúng bốn từ."}'::jsonb),
 ('b1-u03-l3-q6','b1-u03-l3','sentence_ordering',13,'quiz','hard',true,'{"question":"Sắp xếp thành câu đúng:","tokens":["will","If","a degree","I","I","get","more opportunities","have"],"correctOrder":[1,3,5,2,4,7,6,8],"explanationVi":"If I get a degree, I will have more opportunities."}'::jsonb),
 ('b1-u03-l3-q7','b1-u03-l3','grammar_fill_blank',14,'quiz','hard',true,'{"question":"Điền từ đúng: ''She got a ___ and now earns more money.'' (thăng chức)","acceptedAnswers":["promotion"],"explanationVi":"promotion = thăng chức."}'::jsonb);

INSERT INTO learning_lessons (id, level_code, skill_code, unit_id, lesson_type, lesson_order, title, subtitle, duration_minutes, xp_reward, required_score_to_pass, content, theory_content) VALUES
 ('b1-u03-l4','B1','reading','b1-u03','normal',4,'Chasing a Dream Job','Đọc hiểu: Theo đuổi công việc mơ ước',10,20,70,'{}'::jsonb,
  '{"warmup":"Bạn có ước mơ về một công việc cụ thể không? Hãy đọc câu chuyện của Linh và khám phá hành trình theo đuổi ước mơ.",
    "objectives":["Đọc hiểu đoạn văn B1 về chủ đề nghề nghiệp","Nhận biết cách dùng conditional và future continuous trong văn bản","Ôn từ vựng work & study goals"],
    "vocabBlock":[
      {"word":"passion","ipa":"/ˈpæʃn/","meaningVi":"đam mê","example":"She has a passion for design."},
      {"word":"determination","ipa":"/dɪˌtɜːmɪˈneɪʃn/","meaningVi":"quyết tâm","example":"Success requires determination."},
      {"word":"internship","ipa":"/ˈɪntɜːnʃɪp/","meaningVi":"thực tập","example":"She did an internship at a design company."},
      {"word":"portfolio","ipa":"/pɔːtˈfəʊliəʊ/","meaningVi":"hồ sơ, portfolio tác phẩm","example":"Her portfolio impressed the employers."}],
    "examples":[
      {"en":"Linh has always wanted to be a graphic designer. She studied art at university and got a degree two years ago. Since then, she has been building her portfolio and applying for jobs. She was rejected many times, but she never gave up. Last month, she applied for a position at a top design agency. If she gets the job, she will be working with some of the best designers in the country. This time next year, she might be leading her own team. Linh believes that if you have passion and determination, you will eventually succeed.","vi":"Linh luôn muốn trở thành nhà thiết kế đồ họa. Cô học mỹ thuật ở đại học và tốt nghiệp hai năm trước. Từ đó, cô đã xây dựng portfolio và nộp đơn xin việc. Cô bị từ chối nhiều lần nhưng không bao giờ bỏ cuộc. Tháng trước, cô nộp đơn vào một agency thiết kế hàng đầu. Nếu được nhận, cô sẽ làm việc cùng những nhà thiết kế giỏi nhất đất nước. Vào giờ này năm sau, có lẽ cô đang dẫn dắt nhóm của mình. Linh tin rằng nếu bạn có đam mê và quyết tâm, bạn sẽ thành công."}],
    "commonMistakes":["Đọc kỹ để phân biệt điều đã xảy ra và điều có thể xảy ra."],
    "tips":["Chú ý các cấu trúc: If she gets the job, she will be working..."]}'::jsonb);

INSERT INTO learning_lesson_activities (id, lesson_id, activity_type, display_order, phase, difficulty, counts_toward_mastery, payload) VALUES
 ('b1-u03-l4-p1','b1-u03-l4','multiple_choice',1,'practice','easy',false,'{"question":"Linh muốn trở thành nghề gì?","options":[{"id":"a","text":"Bác sĩ"},{"id":"b","text":"Nhà thiết kế đồ họa"},{"id":"c","text":"Giáo viên"}],"correctOptionId":"b","explanationVi":"''She has always wanted to be a graphic designer.''"}'::jsonb),
 ('b1-u03-l4-p2','b1-u03-l4','multiple_choice',2,'practice','easy',false,'{"question":"Linh tốt nghiệp bao lâu trước?","options":[{"id":"a","text":"Một năm"},{"id":"b","text":"Hai năm"},{"id":"c","text":"Ba năm"}],"correctOptionId":"b","explanationVi":"''got a degree two years ago'' → hai năm trước."}'::jsonb),
 ('b1-u03-l4-p3','b1-u03-l4','multiple_choice',3,'practice','medium',false,'{"question":"Điều gì xảy ra khi Linh bị từ chối nhiều lần?","options":[{"id":"a","text":"Cô bỏ cuộc"},{"id":"b","text":"Cô không bao giờ bỏ cuộc"},{"id":"c","text":"Cô đổi ngành học"}],"correctOptionId":"b","explanationVi":"''she never gave up'' → không bao giờ bỏ cuộc."}'::jsonb),
 ('b1-u03-l4-p4','b1-u03-l4','vocabulary_match',4,'practice','easy',false,'{"question":"Nối từ với nghĩa:","pairs":[{"left":"passion","right":"đam mê"},{"left":"determination","right":"quyết tâm"},{"left":"internship","right":"thực tập"},{"left":"portfolio","right":"hồ sơ tác phẩm"}],"explanationVi":"Ghép đúng từng từ."}'::jsonb),
 ('b1-u03-l4-p5','b1-u03-l4','multiple_choice',5,'practice','medium',false,'{"question":"Nếu được nhận vào agency, Linh sẽ làm gì?","options":[{"id":"a","text":"Mở công ty riêng"},{"id":"b","text":"Làm việc với những nhà thiết kế giỏi nhất"},{"id":"c","text":"Quay lại học đại học"}],"correctOptionId":"b","explanationVi":"''she will be working with some of the best designers.''"}'::jsonb),
 ('b1-u03-l4-p6','b1-u03-l4','grammar_fill_blank',6,'practice','medium',false,'{"question":"Hoàn thành theo bài: ''If she gets the job, she ___ (work) with top designers.''","acceptedAnswers":["will be working"],"explanationVi":"First conditional + future continuous: will be working."}'::jsonb),
 ('b1-u03-l4-p7','b1-u03-l4','multiple_choice',7,'practice','medium',false,'{"question":"Linh nộp đơn vào đâu tháng trước?","options":[{"id":"a","text":"Một trường đại học"},{"id":"b","text":"Một agency thiết kế hàng đầu"},{"id":"c","text":"Một tạp chí thời trang"}],"correctOptionId":"b","explanationVi":"''applied for a position at a top design agency.''"}'::jsonb),
 ('b1-u03-l4-q1','b1-u03-l4','multiple_choice',8,'quiz','easy',true,'{"question":"Linh học ngành gì ở đại học?","options":[{"id":"a","text":"Kinh tế"},{"id":"b","text":"Mỹ thuật"},{"id":"c","text":"Công nghệ"}],"correctOptionId":"b","explanationVi":"''She studied art at university.''"}'::jsonb),
 ('b1-u03-l4-q2','b1-u03-l4','multiple_choice',9,'quiz','easy',true,'{"question":"Linh đã làm gì từ khi tốt nghiệp?","options":[{"id":"a","text":"Dạy học"},{"id":"b","text":"Du lịch"},{"id":"c","text":"Xây dựng portfolio và nộp đơn xin việc"}],"correctOptionId":"c","explanationVi":"''building her portfolio and applying for jobs.''"}'::jsonb),
 ('b1-u03-l4-q3','b1-u03-l4','multiple_choice',10,'quiz','medium',true,'{"question":"Cấu trúc ngữ pháp nào được dùng: ''If she gets the job, she will be working...''?","options":[{"id":"a","text":"Second conditional + past simple"},{"id":"b","text":"First conditional + future continuous"},{"id":"c","text":"Third conditional + past perfect"}],"correctOptionId":"b","explanationVi":"First conditional + future continuous."}'::jsonb),
 ('b1-u03-l4-q4','b1-u03-l4','grammar_fill_blank',11,'quiz','medium',true,'{"question":"Hoàn thành: ''She has been ___ for jobs since graduation.'' (apply)","acceptedAnswers":["applying"],"explanationVi":"has been applying = present perfect continuous."}'::jsonb),
 ('b1-u03-l4-q5','b1-u03-l4','multiple_choice',12,'quiz','medium',true,'{"question":"Linh tin rằng điều gì dẫn đến thành công?","options":[{"id":"a","text":"May mắn và tiền bạc"},{"id":"b","text":"Đam mê và quyết tâm"},{"id":"c","text":"Bằng cấp và kinh nghiệm"}],"correctOptionId":"b","explanationVi":"''passion and determination'' → đam mê và quyết tâm."}'::jsonb),
 ('b1-u03-l4-q6','b1-u03-l4','vocabulary_match',13,'quiz','easy',true,'{"question":"Nối từ với nghĩa:","pairs":[{"left":"passion","right":"đam mê"},{"left":"determination","right":"quyết tâm"},{"left":"portfolio","right":"hồ sơ tác phẩm"}],"explanationVi":"Ghép đúng từng từ."}'::jsonb),
 ('b1-u03-l4-q7','b1-u03-l4','grammar_fill_blank',14,'quiz','hard',true,'{"question":"Chia động từ: ''This time next year, she ___ (lead) her own team.''","acceptedAnswers":["will be leading","might be leading"],"explanationVi":"Future continuous: will be leading (hoặc might be leading)."}'::jsonb);

INSERT INTO learning_lessons (id, level_code, skill_code, unit_id, lesson_type, lesson_order, title, subtitle, duration_minutes, xp_reward, required_score_to_pass, content, theory_content) VALUES
 ('b1-u03-l5','B1','reading','b1-u03','unit_review',5,'Unit 3 Review','Ôn tập Unit 3: Hopes & Dreams',12,30,75,'{}'::jsonb,
  '{"warmup":"Ôn tập Unit 3: first/second conditional, future continuous và từ vựng mục tiêu.","objectives":["Tổng hợp can-do Unit 3","Đạt ≥ 75% để hoàn thành Unit"],"vocabBlock":[],"examples":[],"commonMistakes":[],"tips":["Cần đúng ≥ 8/10 để qua Unit."]}'::jsonb);

INSERT INTO learning_lesson_activities (id, lesson_id, activity_type, display_order, phase, difficulty, counts_toward_mastery, payload) VALUES
 ('b1-u03-l5-q1','b1-u03-l5','grammar_fill_blank',1,'quiz','easy',true,'{"question":"First conditional: ''If she studies hard, she ___ (pass) the exam.''","acceptedAnswers":["will pass","''ll pass"],"explanationVi":"First conditional: will + V."}'::jsonb),
 ('b1-u03-l5-q2','b1-u03-l5','multiple_choice',2,'quiz','easy',true,'{"question":"Chọn câu second conditional ĐÚNG:","options":[{"id":"a","text":"If I have more money, I would travel."},{"id":"b","text":"If I had more money, I would travel."},{"id":"c","text":"If I would have more money, I would travel."}],"correctOptionId":"b","explanationVi":"Second conditional: If + past simple, would."}'::jsonb),
 ('b1-u03-l5-q3','b1-u03-l5','multiple_choice',3,'quiz','easy',true,'{"question":"Từ nào có nghĩa là ''thăng chức''?","options":[{"id":"a","text":"degree"},{"id":"b","text":"promotion"},{"id":"c","text":"career"}],"correctOptionId":"b","explanationVi":"promotion = thăng chức."}'::jsonb),
 ('b1-u03-l5-q4','b1-u03-l5','grammar_fill_blank',4,'quiz','medium',true,'{"question":"Chia động từ: ''This time tomorrow, I ___ (fly) to Singapore.''","acceptedAnswers":["will be flying","''ll be flying"],"explanationVi":"Future continuous: will be flying."}'::jsonb),
 ('b1-u03-l5-q5','b1-u03-l5','multiple_choice',5,'quiz','medium',true,'{"question":"Câu nào ĐÚNG với ''unless''?","options":[{"id":"a","text":"Unless you hurry, you will miss the train."},{"id":"b","text":"Unless you hurry, you would miss the train."},{"id":"c","text":"Unless you would hurry, you will miss the train."}],"correctOptionId":"a","explanationVi":"unless = if not → will miss."}'::jsonb),
 ('b1-u03-l5-q6','b1-u03-l5','vocabulary_match',6,'quiz','medium',true,'{"question":"Nối từ với nghĩa:","pairs":[{"left":"career","right":"sự nghiệp"},{"left":"opportunity","right":"cơ hội"},{"left":"achieve","right":"đạt được"},{"left":"qualify","right":"bằng cấp"}],"explanationVi":"Ghép đúng từng từ."}'::jsonb),
 ('b1-u03-l5-q7','b1-u03-l5','grammar_fill_blank',7,'quiz','medium',true,'{"question":"Second conditional với to be: ''If I ___ (be) you, I would apply.''","acceptedAnswers":["were"],"explanationVi":"To be trong second conditional: were."}'::jsonb),
 ('b1-u03-l5-q8','b1-u03-l5','sentence_ordering',8,'quiz','hard',true,'{"question":"Sắp xếp thành câu đúng:","tokens":["be","At 9 pm","will","she","studying","tonight"],"correctOrder":[1,3,2,0,4,5],"explanationVi":"At 9 pm tonight, she will be studying."}'::jsonb),
 ('b1-u03-l5-q9','b1-u03-l5','multiple_choice',9,'quiz','medium',true,'{"question":"Chọn câu phù hợp hỏi lịch lịch sự:","options":[{"id":"a","text":"Do you use the car tonight?"},{"id":"b","text":"Will you be using the car tonight?"},{"id":"c","text":"Are you going to use the car tonight?"}],"correctOptionId":"b","explanationVi":"Will you be using = hỏi lịch lịch sự."}'::jsonb),
 ('b1-u03-l5-q10','b1-u03-l5','grammar_fill_blank',10,'quiz','hard',true,'{"question":"Chia động từ: ''If she gets the job, she ___ (work) with top designers.''","acceptedAnswers":["will be working"],"explanationVi":"First conditional + future continuous: will be working."}'::jsonb);

UPDATE learning_units SET review_lesson_id = 'b1-u03-l5' WHERE id = 'b1-u03';


-- ── UNIT 04 — If Only... ──

INSERT INTO learning_lessons (id, level_code, skill_code, unit_id, lesson_type, lesson_order, title, subtitle, duration_minutes, xp_reward, required_score_to_pass, content, theory_content) VALUES
 ('b1-u04-l1','B1','reading','b1-u04','normal',1,'Third Conditional','If + had done, would have done: quá khứ không thể thay đổi',10,20,70,'{}'::jsonb,
  '{"warmup":"''Giá mà tôi học chăm hơn, tôi đã thi đậu.'' Nhưng thực tế là tôi không học chăm và tôi không đậu. Đây là tình huống không thể thay đổi trong quá khứ — third conditional!",
    "objectives":["Dùng third conditional: If + had done, would have done","Nói về tình huống giả định trong quá khứ","Phân biệt second và third conditional"],
    "grammarHtml":"<b>Cấu trúc:</b> If + had + V3, would have + V3.<br><b>Dùng khi:</b> tưởng tượng kết quả khác cho tình huống đã xảy ra trong quá khứ (không thể thay đổi thực tế).<br>If I had studied harder, I would have passed. (Thực tế: tôi không học chăm → không đậu)<br><b>Rút gọn:</b> If I''d studied harder, I''d have passed.<br><b>So sánh:</b><br>2nd: If I had money, I would buy it. (giả định hiện tại)<br>3rd: If I had had money, I would have bought it. (giả định quá khứ)",
    "vocabBlock":[
      {"word":"would have","ipa":"/wʊd həv/","meaningVi":"đã có thể/sẽ đã (giả định quá khứ)","example":"I would have called you."},
      {"word":"had done","ipa":"/hæd dʌn/","meaningVi":"đã làm (trong điều kiện giả định)","example":"If she had known, she would have come."},
      {"word":"regret","ipa":"/rɪˈɡret/","meaningVi":"hối tiếc","example":"I regret not studying harder."},
      {"word":"otherwise","ipa":"/ˈʌðəwaɪz/","meaningVi":"nếu không thì, không thì","example":"I studied hard. Otherwise, I would have failed."},
      {"word":"consequence","ipa":"/ˈkɒnsɪkwəns/","meaningVi":"hậu quả, kết quả","example":"Every action has a consequence."}],
    "examples":[
      {"en":"If I had left earlier, I would have caught the bus.","vi":"Giá mà tôi đi sớm hơn, tôi đã bắt kịp xe buýt."},
      {"en":"She would have passed if she had studied harder.","vi":"Cô ấy đã đậu rồi nếu cô ấy học chăm hơn."},
      {"en":"If he hadn''t been late, they wouldn''t have missed the flight.","vi":"Nếu anh ấy không đến muộn, họ đã không lỡ chuyến bay."}],
    "commonMistakes":["❌ ''If I would have studied...'' → ✅ ''If I had studied...'' (mệnh đề if dùng had + V3, không dùng would).","❌ ''I would have pass'' → ✅ ''I would have passed'' (V3 sau would have)."],
    "tips":["Third conditional: If + had done → would have done. Cả hai đều có ''have'' nhưng ở khác vị trí.","Dùng ''d (had/would) cho rút gọn khi nói: If I''d known, I''d have helped."]}'::jsonb);

INSERT INTO learning_lesson_activities (id, lesson_id, activity_type, display_order, phase, difficulty, counts_toward_mastery, payload) VALUES
 ('b1-u04-l1-p1','b1-u04-l1','grammar_fill_blank',1,'practice','easy',false,'{"question":"Third conditional: ''If I ___ (study) harder, I ___ (pass) the exam.''","acceptedAnswers":["had studied, I would have passed","had studied, I''d have passed"],"explanationVi":"If + had done, would have done."}'::jsonb),
 ('b1-u04-l1-p2','b1-u04-l1','multiple_choice',2,'practice','easy',false,'{"question":"Chọn câu third conditional ĐÚNG:","options":[{"id":"a","text":"If I would have left earlier, I would have caught the bus."},{"id":"b","text":"If I had left earlier, I would have caught the bus."},{"id":"c","text":"If I left earlier, I would have caught the bus."}],"correctOptionId":"b","explanationVi":"If + had + V3: If I had left earlier."}'::jsonb),
 ('b1-u04-l1-p3','b1-u04-l1','vocabulary_match',3,'practice','easy',false,'{"question":"Nối từ với nghĩa:","pairs":[{"left":"would have","right":"đã có thể (giả định quá khứ)"},{"left":"regret","right":"hối tiếc"},{"left":"otherwise","right":"nếu không thì"},{"left":"consequence","right":"hậu quả"}],"explanationVi":"Ghép đúng từng từ."}'::jsonb),
 ('b1-u04-l1-p4','b1-u04-l1','grammar_fill_blank',4,'practice','medium',false,'{"question":"Chia động từ: ''She ___ (pass) if she ___ (study) harder.''","acceptedAnswers":["would have passed, had studied","''d have passed, ''d studied"],"explanationVi":"would have passed if she had studied."}'::jsonb),
 ('b1-u04-l1-p5','b1-u04-l1','translation',5,'practice','medium',false,'{"question":"Dịch sang tiếng Anh:","sourceText":"Giá mà tôi đi sớm hơn, tôi đã bắt kịp xe buýt.","acceptedAnswers":["If I had left earlier, I would have caught the bus.","If I''d left earlier, I''d have caught the bus."],"explanationVi":"If I had left earlier, I would have caught the bus."}'::jsonb),
 ('b1-u04-l1-p6','b1-u04-l1','error_correction',6,'practice','medium',false,'{"question":"Sửa lỗi:","sourceText":"If I would have studied, I would have passed.","acceptedAnswers":["If I had studied, I would have passed.","If I''d studied, I would have passed."],"explanationVi":"Mệnh đề if: had studied (không dùng would have)."}'::jsonb),
 ('b1-u04-l1-p7','b1-u04-l1','multiple_choice',7,'practice','medium',false,'{"question":"Câu nào là THIRD conditional?","options":[{"id":"a","text":"If I have time, I will help you."},{"id":"b","text":"If I had time, I would help you."},{"id":"c","text":"If I had had time, I would have helped you."}],"correctOptionId":"c","explanationVi":"Third conditional: had had → would have helped."}'::jsonb),
 ('b1-u04-l1-q1','b1-u04-l1','multiple_choice',8,'quiz','easy',true,'{"question":"Chọn câu ĐÚNG:","options":[{"id":"a","text":"If she had known, she would have come."},{"id":"b","text":"If she would have known, she would have come."},{"id":"c","text":"If she knew, she would have come."}],"correctOptionId":"a","explanationVi":"If + had known → would have come."}'::jsonb),
 ('b1-u04-l1-q2','b1-u04-l1','grammar_fill_blank',9,'quiz','easy',true,'{"question":"Chia động từ: ''If he ___ (not be) late, they ___ (not miss) the flight.''","acceptedAnswers":["hadn''t been, would not have missed","hadn''t been, wouldn''t have missed"],"explanationVi":"hadn''t been late → wouldn''t have missed."}'::jsonb),
 ('b1-u04-l1-q3','b1-u04-l1','multiple_choice',10,'quiz','medium',true,'{"question":"Third conditional nói về:","options":[{"id":"a","text":"Tình huống có thể xảy ra trong tương lai"},{"id":"b","text":"Tình huống giả định trong hiện tại"},{"id":"c","text":"Tình huống không thể thay đổi trong quá khứ"}],"correctOptionId":"c","explanationVi":"Third conditional = giả định quá khứ không thể thay đổi."}'::jsonb),
 ('b1-u04-l1-q4','b1-u04-l1','grammar_fill_blank',11,'quiz','medium',true,'{"question":"Chia động từ: ''I ___ (call) you if I ___ (know) your number.''","acceptedAnswers":["would have called, had known","''d have called, ''d known"],"explanationVi":"would have called if I had known."}'::jsonb),
 ('b1-u04-l1-q5','b1-u04-l1','sentence_ordering',12,'quiz','hard',true,'{"question":"Sắp xếp thành câu đúng:","tokens":["she","had","studied","If","would have","she","passed","harder"],"correctOrder":[3,0,1,2,7,5,4,6],"explanationVi":"If she had studied harder, she would have passed."}'::jsonb),
 ('b1-u04-l1-q6','b1-u04-l1','vocabulary_match',13,'quiz','medium',true,'{"question":"Nối từ với nghĩa:","pairs":[{"left":"regret","right":"hối tiếc"},{"left":"otherwise","right":"nếu không thì"},{"left":"consequence","right":"hậu quả"}],"explanationVi":"Ghép đúng từng từ."}'::jsonb),
 ('b1-u04-l1-q7','b1-u04-l1','grammar_fill_blank',14,'quiz','hard',true,'{"question":"Hoàn thành: ''She would have been on time if she ___ (leave) earlier.''","acceptedAnswers":["had left"],"explanationVi":"had left = điều kiện giả định quá khứ."}'::jsonb);

INSERT INTO learning_lessons (id, level_code, skill_code, unit_id, lesson_type, lesson_order, title, subtitle, duration_minutes, xp_reward, required_score_to_pass, content, theory_content) VALUES
 ('b1-u04-l2','B1','reading','b1-u04','normal',2,'Should have / Might have / Could have','Hối tiếc, phê bình và suy đoán về quá khứ',10,20,70,'{}'::jsonb,
  '{"warmup":"''Lẽ ra tôi nên ở nhà.'' ''Có thể anh ấy đã quên.'' — Những cụm từ này nói về quá khứ theo cách nào?",
    "objectives":["Dùng should have + V3 để diễn đạt hối tiếc và phê bình","Dùng might have / could have + V3 để suy đoán về quá khứ","Phân biệt ba cấu trúc"],
    "grammarHtml":"<b>should have + V3</b>: hối tiếc (đã không làm) hoặc phê bình (lẽ ra nên làm).<br>You should have called me. (= Lẽ ra bạn nên gọi cho tôi.)<br>I shouldn''t have eaten so much. (= Lẽ ra tôi không nên ăn nhiều vậy.)<br><b>might have + V3</b>: suy đoán có thể xảy ra (không chắc).<br>She might have forgotten. (= Có lẽ cô ấy đã quên.)<br><b>could have + V3</b>: khả năng có thể đã xảy ra, hoặc cơ hội bị bỏ lỡ.<br>You could have told me! (= Bạn đã có thể nói với tôi mà!)",
    "vocabBlock":[
      {"word":"should have","ipa":"/ʃʊd həv/","meaningVi":"lẽ ra nên đã","example":"I should have studied more."},
      {"word":"shouldn''t have","ipa":"/ˈʃʊdnt həv/","meaningVi":"lẽ ra không nên đã","example":"You shouldn''t have said that."},
      {"word":"might have","ipa":"/maɪt həv/","meaningVi":"có lẽ đã (không chắc)","example":"She might have missed the bus."},
      {"word":"could have","ipa":"/kʊd həv/","meaningVi":"đã có thể / lẽ ra có thể","example":"You could have asked for help."},
      {"word":"must have","ipa":"/mʌst həv/","meaningVi":"chắc chắn đã (suy đoán mạnh)","example":"He must have forgotten."}],
    "examples":[
      {"en":"You should have told me about the meeting.","vi":"Lẽ ra bạn nên cho tôi biết về cuộc họp."},
      {"en":"She might have taken the wrong bus.","vi":"Có lẽ cô ấy đã đi nhầm xe buýt."},
      {"en":"I could have helped if you had asked.","vi":"Tôi đã có thể giúp nếu bạn hỏi."},
      {"en":"He must have been tired — he fell asleep immediately.","vi":"Chắc anh ấy đã mệt lắm — anh ấy ngủ ngay lập tức."}],
    "commonMistakes":["❌ ''I should have to study more.'' → ✅ ''I should have studied more.'' (không thêm to).","❌ ''might has gone'' → ✅ ''might have gone'' (luôn dùng have, không chia)."],
    "tips":["should have = hối tiếc/phê bình; might have = không chắc; could have = cơ hội bị bỏ lỡ.","must have = suy đoán chắc chắn về quá khứ."]}'::jsonb);

INSERT INTO learning_lesson_activities (id, lesson_id, activity_type, display_order, phase, difficulty, counts_toward_mastery, payload) VALUES
 ('b1-u04-l2-p1','b1-u04-l2','grammar_fill_blank',1,'practice','easy',false,'{"question":"Hoàn thành (hối tiếc): ''I ___ (study) more before the exam.''","acceptedAnswers":["should have studied"],"explanationVi":"should have + V3 = hối tiếc."}'::jsonb),
 ('b1-u04-l2-p2','b1-u04-l2','multiple_choice',2,'practice','easy',false,'{"question":"Chọn câu ĐÚNG để diễn đạt ''có lẽ cô ấy đã quên'':","options":[{"id":"a","text":"She should have forgotten."},{"id":"b","text":"She might have forgotten."},{"id":"c","text":"She could have forgotten the meeting."}],"correctOptionId":"b","explanationVi":"might have = có lẽ đã (không chắc)."}'::jsonb),
 ('b1-u04-l2-p3','b1-u04-l2','vocabulary_match',3,'practice','easy',false,'{"question":"Nối cấu trúc với nghĩa:","pairs":[{"left":"should have","right":"lẽ ra nên đã"},{"left":"might have","right":"có lẽ đã"},{"left":"could have","right":"đã có thể"},{"left":"must have","right":"chắc chắn đã"}],"explanationVi":"Phân biệt bốn cấu trúc."}'::jsonb),
 ('b1-u04-l2-p4','b1-u04-l2','grammar_fill_blank',4,'practice','medium',false,'{"question":"Hoàn thành (phê bình): ''You ___ (tell) me about the problem earlier!''","acceptedAnswers":["should have told"],"explanationVi":"should have told = lẽ ra phải nói."}'::jsonb),
 ('b1-u04-l2-p5','b1-u04-l2','translation',5,'practice','medium',false,'{"question":"Dịch sang tiếng Anh:","sourceText":"Lẽ ra tôi không nên nói điều đó.","acceptedAnswers":["I shouldn''t have said that.","I should not have said that."],"explanationVi":"I shouldn''t have said that."}'::jsonb),
 ('b1-u04-l2-p6','b1-u04-l2','error_correction',6,'practice','medium',false,'{"question":"Sửa lỗi:","sourceText":"She might has taken the wrong bus.","acceptedAnswers":["She might have taken the wrong bus.","She might have taken the wrong bus"],"explanationVi":"Sau modal always dùng have (không chia): might have."}'::jsonb),
 ('b1-u04-l2-p7','b1-u04-l2','multiple_choice',7,'practice','medium',false,'{"question":"Chọn câu ĐÚNG để nói về suy đoán chắc chắn:","options":[{"id":"a","text":"He might have been tired."},{"id":"b","text":"He must have been tired — he slept straight away."},{"id":"c","text":"He could have been tired."}],"correctOptionId":"b","explanationVi":"must have = chắc chắn đã (suy đoán mạnh với bằng chứng)."}'::jsonb),
 ('b1-u04-l2-q1','b1-u04-l2','multiple_choice',8,'quiz','easy',true,'{"question":"Chọn câu ĐÚNG (hối tiếc):","options":[{"id":"a","text":"I should study more."},{"id":"b","text":"I should have studied more."},{"id":"c","text":"I should had studied more."}],"correctOptionId":"b","explanationVi":"should have + V3: should have studied."}'::jsonb),
 ('b1-u04-l2-q2','b1-u04-l2','grammar_fill_blank',9,'quiz','easy',true,'{"question":"Chia động từ: ''She ___ (might/take) the wrong train.''","acceptedAnswers":["might have taken"],"explanationVi":"might have taken = có lẽ đã đi nhầm."}'::jsonb),
 ('b1-u04-l2-q3','b1-u04-l2','multiple_choice',10,'quiz','medium',true,'{"question":"Câu nào diễn đạt CƠ HỘI BỊ BỎ LỠ?","options":[{"id":"a","text":"You should have helped."},{"id":"b","text":"You could have helped."},{"id":"c","text":"You must have helped."}],"correctOptionId":"b","explanationVi":"could have = đã có thể (cơ hội bị bỏ lỡ)."}'::jsonb),
 ('b1-u04-l2-q4','b1-u04-l2','grammar_fill_blank',11,'quiz','medium',true,'{"question":"Hoàn thành: ''He fell asleep straight away. He ___ (must/be) very tired.''","acceptedAnswers":["must have been"],"explanationVi":"Bằng chứng rõ ràng → must have been."}'::jsonb),
 ('b1-u04-l2-q5','b1-u04-l2','sentence_ordering',12,'quiz','hard',true,'{"question":"Sắp xếp thành câu đúng:","tokens":["should","You","the","have","told","me","truth"],"correctOrder":[1,0,3,2,4,5,6],"explanationVi":"You should have told me the truth."}'::jsonb),
 ('b1-u04-l2-q6','b1-u04-l2','vocabulary_match',13,'quiz','medium',true,'{"question":"Nối cấu trúc với nghĩa:","pairs":[{"left":"should have","right":"lẽ ra nên"},{"left":"might have","right":"có lẽ đã"},{"left":"must have","right":"chắc chắn đã"}],"explanationVi":"Ghép đúng từng cấu trúc."}'::jsonb),
 ('b1-u04-l2-q7','b1-u04-l2','grammar_fill_blank',14,'quiz','hard',true,'{"question":"Hoàn thành (phê bình): ''You ___ (shouldn''t/say) that to her — she was upset.''","acceptedAnswers":["shouldn''t have said","should not have said"],"explanationVi":"shouldn''t have said = lẽ ra không nên nói."}'::jsonb);

INSERT INTO learning_lessons (id, level_code, skill_code, unit_id, lesson_type, lesson_order, title, subtitle, duration_minutes, xp_reward, required_score_to_pass, content, theory_content) VALUES
 ('b1-u04-l3','B1','reading','b1-u04','normal',3,'Society & Emotions','Từ vựng: Xã hội & Cảm xúc (hối hận)',10,20,70,'{}'::jsonb,
  '{"warmup":"Khi bạn mắc lỗi, bạn cảm thấy thế nào? Hãy nghĩ về những từ liên quan đến hối tiếc và trách nhiệm.",
    "objectives":["Học 10 từ vựng về hối tiếc và trách nhiệm xã hội","Dùng từ trong câu nói về quyết định và hậu quả"],
    "vocabBlock":[
      {"word":"regret","ipa":"/rɪˈɡret/","meaningVi":"hối tiếc (n/v)","example":"I regret not calling her sooner."},
      {"word":"blame","ipa":"/bleɪm/","meaningVi":"đổ lỗi, trách móc","example":"Don''t blame yourself for the accident."},
      {"word":"fault","ipa":"/fɔːlt/","meaningVi":"lỗi, sự sai lầm","example":"It was my fault."},
      {"word":"guilty","ipa":"/ˈɡɪlti/","meaningVi":"tội lỗi, có lỗi","example":"He felt guilty about lying."},
      {"word":"ashamed","ipa":"/əˈʃeɪmd/","meaningVi":"hổ thẹn, xấu hổ","example":"She was ashamed of her behaviour."},
      {"word":"forgive","ipa":"/fəˈɡɪv/","meaningVi":"tha thứ","example":"Can you forgive me?"},
      {"word":"apologise","ipa":"/əˈpɒlədʒaɪz/","meaningVi":"xin lỗi","example":"He apologised for being late."},
      {"word":"consequence","ipa":"/ˈkɒnsɪkwəns/","meaningVi":"hậu quả","example":"Think about the consequences."},
      {"word":"decision","ipa":"/dɪˈsɪʒn/","meaningVi":"quyết định","example":"It was a difficult decision."},
      {"word":"mistake","ipa":"/mɪˈsteɪk/","meaningVi":"lỗi lầm","example":"Everyone makes mistakes."}],
    "examples":[
      {"en":"I regret not apologising sooner.","vi":"Tôi hối tiếc vì không xin lỗi sớm hơn."},
      {"en":"She felt guilty and ashamed of her decision.","vi":"Cô ấy cảm thấy tội lỗi và hổ thẹn về quyết định của mình."},
      {"en":"If I had thought about the consequences, I wouldn''t have made that mistake.","vi":"Giá mà tôi suy nghĩ về hậu quả, tôi đã không mắc lỗi đó."}],
    "commonMistakes":["blame (v): blame sb for sth = đổ lỗi ai vì điều gì.","apologise for + V-ing: He apologised for being late (không dùng to be)."],
    "tips":["guilty (cảm giác) vs fault (sự thật khách quan): I feel guilty. It was my fault.","forgive sb for sth: Can you forgive me for what I said?"]}'::jsonb);

INSERT INTO learning_lesson_activities (id, lesson_id, activity_type, display_order, phase, difficulty, counts_toward_mastery, payload) VALUES
 ('b1-u04-l3-p1','b1-u04-l3','vocabulary_match',1,'practice','easy',false,'{"question":"Nối từ với nghĩa tiếng Việt:","pairs":[{"left":"regret","right":"hối tiếc"},{"left":"blame","right":"đổ lỗi"},{"left":"fault","right":"lỗi"},{"left":"guilty","right":"tội lỗi, có lỗi"}],"explanationVi":"Ghép đúng từng từ."}'::jsonb),
 ('b1-u04-l3-p2','b1-u04-l3','vocabulary_match',2,'practice','easy',false,'{"question":"Nối từ với nghĩa:","pairs":[{"left":"ashamed","right":"hổ thẹn"},{"left":"forgive","right":"tha thứ"},{"left":"apologise","right":"xin lỗi"},{"left":"consequence","right":"hậu quả"}],"explanationVi":"Ghép đúng từng từ."}'::jsonb),
 ('b1-u04-l3-p3','b1-u04-l3','multiple_choice',3,'practice','easy',false,'{"question":"Từ nào có nghĩa là ''tha thứ''?","options":[{"id":"a","text":"blame"},{"id":"b","text":"forgive"},{"id":"c","text":"regret"}],"correctOptionId":"b","explanationVi":"forgive = tha thứ."}'::jsonb),
 ('b1-u04-l3-p4','b1-u04-l3','multiple_choice',4,'practice','medium',false,'{"question":"Điền từ phù hợp: ''It was ___ — I made the wrong decision.'' (lỗi của tôi)","options":[{"id":"a","text":"my mistake"},{"id":"b","text":"my fault"},{"id":"c","text":"both a and b"}],"correctOptionId":"c","explanationVi":"Both ''my mistake'' and ''my fault'' đúng trong ngữ cảnh này."}'::jsonb),
 ('b1-u04-l3-p5','b1-u04-l3','translation',5,'practice','medium',false,'{"question":"Dịch sang tiếng Anh:","sourceText":"Anh ấy xin lỗi vì đã đến muộn.","acceptedAnswers":["He apologised for being late.","He apologized for being late.","He apologised for arriving late."],"explanationVi":"apologise for + V-ing."}'::jsonb),
 ('b1-u04-l3-p6','b1-u04-l3','grammar_fill_blank',6,'practice','medium',false,'{"question":"Điền từ đúng: ''Think about the ___ of your actions.'' (hậu quả)","acceptedAnswers":["consequences","consequence"],"explanationVi":"consequences = hậu quả."}'::jsonb),
 ('b1-u04-l3-p7','b1-u04-l3','multiple_choice',7,'practice','medium',false,'{"question":"Từ nào mô tả cảm giác xấu hổ sâu sắc vì làm điều sai?","options":[{"id":"a","text":"proud"},{"id":"b","text":"ashamed"},{"id":"c","text":"relieved"}],"correctOptionId":"b","explanationVi":"ashamed = hổ thẹn vì làm điều sai."}'::jsonb),
 ('b1-u04-l3-q1','b1-u04-l3','vocabulary_match',8,'quiz','easy',true,'{"question":"Nối từ với nghĩa:","pairs":[{"left":"mistake","right":"lỗi lầm"},{"left":"decision","right":"quyết định"},{"left":"forgive","right":"tha thứ"}],"explanationVi":"Ghép đúng từng từ."}'::jsonb),
 ('b1-u04-l3-q2','b1-u04-l3','multiple_choice',9,'quiz','easy',true,'{"question":"Từ nào có nghĩa là ''đổ lỗi''?","options":[{"id":"a","text":"forgive"},{"id":"b","text":"blame"},{"id":"c","text":"regret"}],"correctOptionId":"b","explanationVi":"blame = đổ lỗi, trách móc."}'::jsonb),
 ('b1-u04-l3-q3','b1-u04-l3','multiple_choice',10,'quiz','medium',true,'{"question":"Điền từ đúng: ''She felt ___ about lying to her friend.'' (tội lỗi)","options":[{"id":"a","text":"guilty"},{"id":"b","text":"ashamed"},{"id":"c","text":"proud"}],"correctOptionId":"a","explanationVi":"guilty = cảm giác có lỗi."}'::jsonb),
 ('b1-u04-l3-q4','b1-u04-l3','grammar_fill_blank',11,'quiz','medium',true,'{"question":"Điền từ đúng: ''I ___ not saying sorry earlier.'' (hối tiếc)","acceptedAnswers":["regret"],"explanationVi":"regret + V-ing: I regret not saying..."}'::jsonb),
 ('b1-u04-l3-q5','b1-u04-l3','vocabulary_match',12,'quiz','medium',true,'{"question":"Nối từ với nghĩa:","pairs":[{"left":"guilty","right":"có lỗi"},{"left":"ashamed","right":"hổ thẹn"},{"left":"consequence","right":"hậu quả"},{"left":"apologise","right":"xin lỗi"}],"explanationVi":"Ghép đúng bốn từ."}'::jsonb),
 ('b1-u04-l3-q6','b1-u04-l3','sentence_ordering',13,'quiz','hard',true,'{"question":"Sắp xếp thành câu đúng:","tokens":["felt","She","ashamed","guilty","and","her decision","of"],"correctOrder":[1,0,3,4,2,6,5],"explanationVi":"She felt guilty and ashamed of her decision."}'::jsonb),
 ('b1-u04-l3-q7','b1-u04-l3','grammar_fill_blank',14,'quiz','hard',true,'{"question":"Điền từ đúng: ''Can you ___ me for what I said?'' (tha thứ)","acceptedAnswers":["forgive"],"explanationVi":"forgive sb for sth."}'::jsonb);

INSERT INTO learning_lessons (id, level_code, skill_code, unit_id, lesson_type, lesson_order, title, subtitle, duration_minutes, xp_reward, required_score_to_pass, content, theory_content) VALUES
 ('b1-u04-l4','B1','listening','b1-u04','normal',4,'A Decision I Regret','Nghe hiểu: Quyết định tôi hối tiếc',10,20,70,'{}'::jsonb,
  '{"warmup":"Ai cũng có quyết định hối tiếc. Hãy nghe Mark kể về quyết định anh ấy ước giá mà mình không làm.",
    "objectives":["Nghe và hiểu bài nói về hối tiếc quyết định trong quá khứ","Nhận biết third conditional và should have trong ngữ cảnh nghe"],
    "vocabBlock":[
      {"word":"turn down","ipa":"/tɜːn daʊn/","meaningVi":"từ chối (lời đề nghị)","example":"He turned down the job offer."},
      {"word":"regrettable","ipa":"/rɪˈɡretəbl/","meaningVi":"đáng tiếc","example":"It was a regrettable decision."},
      {"word":"in hindsight","ipa":"/ɪn ˈhaɪndsaɪt/","meaningVi":"nhìn lại mới thấy","example":"In hindsight, I should have accepted."},
      {"word":"opportunity","ipa":"/ˌɒpəˈtjuːnɪti/","meaningVi":"cơ hội","example":"It was a great opportunity."}],
    "examples":[
      {"en":"Five years ago, I had the chance to work in Japan. A company offered me a position, but I turned it down because I was afraid of living abroad. I thought I wasn''t ready. But in hindsight, I should have accepted the offer. If I had gone to Japan, I would have learned so much. I might have developed my career much faster. I could have made amazing connections. Now I regret that decision deeply. I shouldn''t have let fear control my choices.","vi":"Năm năm trước, tôi có cơ hội làm việc ở Nhật. Một công ty đề nghị cho tôi vị trí đó, nhưng tôi từ chối vì sợ sống ở nước ngoài. Tôi nghĩ mình chưa sẵn sàng. Nhưng nhìn lại, lẽ ra tôi nên chấp nhận. Nếu tôi đã đến Nhật, tôi đã học được rất nhiều. Có lẽ tôi đã phát triển sự nghiệp nhanh hơn. Tôi đã có thể tạo nhiều mối quan hệ tuyệt vời. Bây giờ tôi hối tiếc quyết định đó sâu sắc. Lẽ ra tôi không nên để nỗi sợ kiểm soát lựa chọn của mình."}],
    "commonMistakes":["Nghe kỹ để phân biệt should have (hối tiếc), might have (có lẽ đã), could have (đã có thể)."],
    "tips":["in hindsight là cụm từ báo hiệu nhìn lại về quyết định trong quá khứ."]}'::jsonb);

INSERT INTO learning_lesson_activities (id, lesson_id, activity_type, display_order, phase, difficulty, counts_toward_mastery, payload) VALUES
 ('b1-u04-l4-p1','b1-u04-l4','multiple_choice',1,'practice','easy',false,'{"question":"Mark đã từ chối điều gì?","options":[{"id":"a","text":"Lời mời kết hôn"},{"id":"b","text":"Cơ hội làm việc ở Nhật"},{"id":"c","text":"Học bổng đại học"}],"correctOptionId":"b","explanationVi":"''turned down'' a job offer in Japan."}'::jsonb),
 ('b1-u04-l4-p2','b1-u04-l4','multiple_choice',2,'practice','easy',false,'{"question":"Lý do Mark từ chối là gì?","options":[{"id":"a","text":"Lương thấp"},{"id":"b","text":"Sợ sống ở nước ngoài"},{"id":"c","text":"Muốn ở lại gia đình"}],"correctOptionId":"b","explanationVi":"''afraid of living abroad'' → sợ sống ở nước ngoài."}'::jsonb),
 ('b1-u04-l4-p3','b1-u04-l4','multiple_choice',3,'practice','medium',false,'{"question":"Cụm từ ''in hindsight'' có nghĩa là gì?","options":[{"id":"a","text":"Trong tương lai"},{"id":"b","text":"Nhìn lại mới thấy"},{"id":"c","text":"Ngay lúc đó"}],"correctOptionId":"b","explanationVi":"in hindsight = nhìn lại mới thấy."}'::jsonb),
 ('b1-u04-l4-p4','b1-u04-l4','vocabulary_match',4,'practice','easy',false,'{"question":"Nối từ với nghĩa:","pairs":[{"left":"turn down","right":"từ chối"},{"left":"in hindsight","right":"nhìn lại mới thấy"},{"left":"regrettable","right":"đáng tiếc"},{"left":"opportunity","right":"cơ hội"}],"explanationVi":"Ghép đúng từng từ."}'::jsonb),
 ('b1-u04-l4-p5','b1-u04-l4','multiple_choice',5,'practice','medium',false,'{"question":"Mark hối tiếc điều gì nhất?","options":[{"id":"a","text":"Không học tiếng Nhật"},{"id":"b","text":"Không chấp nhận cơ hội ở Nhật"},{"id":"c","text":"Không tìm việc sớm hơn"}],"correctOptionId":"b","explanationVi":"''I regret that decision deeply'' — từ chối cơ hội ở Nhật."}'::jsonb),
 ('b1-u04-l4-p6','b1-u04-l4','grammar_fill_blank',6,'practice','medium',false,'{"question":"Hoàn thành theo bài: ''I ___ (should/accept) the offer.''","acceptedAnswers":["should have accepted"],"explanationVi":"Hối tiếc về quá khứ: should have accepted."}'::jsonb),
 ('b1-u04-l4-p7','b1-u04-l4','multiple_choice',7,'practice','medium',false,'{"question":"Nếu Mark đã đến Nhật, điều gì CÓ LẼ đã xảy ra?","options":[{"id":"a","text":"Anh ấy sẽ mất việc"},{"id":"b","text":"Anh ấy có lẽ đã phát triển sự nghiệp nhanh hơn"},{"id":"c","text":"Anh ấy chắc chắn đã trở về ngay"}],"correctOptionId":"b","explanationVi":"''might have developed my career much faster'' → có lẽ."}'::jsonb),
 ('b1-u04-l4-q1','b1-u04-l4','listening_choice',8,'quiz','easy',true,'{"audioText":"Five years ago, I had the chance to work in Japan. A company offered me a position, but I turned it down because I was afraid of living abroad.","question":"Why did Mark turn down the job offer?","options":[{"id":"a","text":"The salary was too low"},{"id":"b","text":"He was afraid of living abroad"},{"id":"c","text":"He had another job"}],"correctOptionId":"b","explanationVi":"afraid of living abroad."}'::jsonb),
 ('b1-u04-l4-q2','b1-u04-l4','listening_choice',9,'quiz','easy',true,'{"audioText":"In hindsight, I should have accepted the offer. If I had gone to Japan, I would have learned so much.","question":"What does Mark say he should have done?","options":[{"id":"a","text":"Turned down the offer"},{"id":"b","text":"Accepted the offer"},{"id":"c","text":"Applied for a different job"}],"correctOptionId":"b","explanationVi":"should have accepted the offer."}'::jsonb),
 ('b1-u04-l4-q3','b1-u04-l4','multiple_choice',10,'quiz','medium',true,'{"question":"Câu ''If I had gone to Japan, I would have learned so much'' là:","options":[{"id":"a","text":"First conditional"},{"id":"b","text":"Second conditional"},{"id":"c","text":"Third conditional"}],"correctOptionId":"c","explanationVi":"If + had gone → would have learned = third conditional."}'::jsonb),
 ('b1-u04-l4-q4','b1-u04-l4','grammar_fill_blank',11,'quiz','medium',true,'{"question":"Hoàn thành: ''I ___ (shouldn''t/let) fear control my choices.''","acceptedAnswers":["shouldn''t have let","should not have let"],"explanationVi":"shouldn''t have let = lẽ ra không nên để."}'::jsonb),
 ('b1-u04-l4-q5','b1-u04-l4','multiple_choice',12,'quiz','medium',true,'{"question":"Từ ''could have made'' trong bài có nghĩa là:","options":[{"id":"a","text":"Chắc chắn đã tạo được"},{"id":"b","text":"Đã có thể tạo được (cơ hội bị bỏ lỡ)"},{"id":"c","text":"Lẽ ra phải tạo được"}],"correctOptionId":"b","explanationVi":"could have = đã có thể (cơ hội bị bỏ lỡ)."}'::jsonb),
 ('b1-u04-l4-q6','b1-u04-l4','vocabulary_match',13,'quiz','easy',true,'{"question":"Nối từ với nghĩa:","pairs":[{"left":"turn down","right":"từ chối"},{"left":"in hindsight","right":"nhìn lại mới thấy"},{"left":"opportunity","right":"cơ hội"}],"explanationVi":"Ghép đúng từng từ."}'::jsonb),
 ('b1-u04-l4-q7','b1-u04-l4','listening_choice',14,'quiz','hard',true,'{"audioText":"I could have made amazing connections. Now I regret that decision deeply. I shouldn''t have let fear control my choices.","question":"What does Mark regret the most?","options":[{"id":"a","text":"Not learning Japanese"},{"id":"b","text":"Letting fear control his decision"},{"id":"c","text":"Leaving his current job"}],"correctOptionId":"b","explanationVi":"shouldn''t have let fear control my choices."}'::jsonb);

INSERT INTO learning_lessons (id, level_code, skill_code, unit_id, lesson_type, lesson_order, title, subtitle, duration_minutes, xp_reward, required_score_to_pass, content, theory_content) VALUES
 ('b1-u04-l5','B1','listening','b1-u04','unit_review',5,'Unit 4 Review','Ôn tập Unit 4: If Only...',12,30,75,'{}'::jsonb,
  '{"warmup":"Ôn tập Unit 4: third conditional, should/might/could have và từ vựng hối tiếc.","objectives":["Tổng hợp can-do Unit 4","Đạt ≥ 75% để hoàn thành Unit"],"vocabBlock":[],"examples":[],"commonMistakes":[],"tips":["Cần đúng ≥ 8/10 để qua Unit."]}'::jsonb);

INSERT INTO learning_lesson_activities (id, lesson_id, activity_type, display_order, phase, difficulty, counts_toward_mastery, payload) VALUES
 ('b1-u04-l5-q1','b1-u04-l5','grammar_fill_blank',1,'quiz','easy',true,'{"question":"Third conditional: ''If I ___ (leave) earlier, I ___ (catch) the bus.''","acceptedAnswers":["had left, would have caught","''d left, ''d have caught"],"explanationVi":"If + had done → would have done."}'::jsonb),
 ('b1-u04-l5-q2','b1-u04-l5','multiple_choice',2,'quiz','easy',true,'{"question":"Chọn câu ĐÚNG (hối tiếc):","options":[{"id":"a","text":"I should study more."},{"id":"b","text":"I should have studied more."},{"id":"c","text":"I should had studied more."}],"correctOptionId":"b","explanationVi":"should have + V3."}'::jsonb),
 ('b1-u04-l5-q3','b1-u04-l5','multiple_choice',3,'quiz','easy',true,'{"question":"Từ nào có nghĩa là ''tha thứ''?","options":[{"id":"a","text":"blame"},{"id":"b","text":"forgive"},{"id":"c","text":"regret"}],"correctOptionId":"b","explanationVi":"forgive = tha thứ."}'::jsonb),
 ('b1-u04-l5-q4','b1-u04-l5','grammar_fill_blank',4,'quiz','medium',true,'{"question":"Chia động từ: ''She ___ (might/forget) about the meeting.''","acceptedAnswers":["might have forgotten"],"explanationVi":"might have forgotten = có lẽ đã quên."}'::jsonb),
 ('b1-u04-l5-q5','b1-u04-l5','multiple_choice',5,'quiz','medium',true,'{"question":"Câu nào diễn đạt suy đoán CHẮC CHẮN về quá khứ?","options":[{"id":"a","text":"She might have been tired."},{"id":"b","text":"She could have been tired."},{"id":"c","text":"She must have been tired — she slept all day."}],"correctOptionId":"c","explanationVi":"must have = chắc chắn đã (có bằng chứng)."}'::jsonb),
 ('b1-u04-l5-q6','b1-u04-l5','vocabulary_match',6,'quiz','medium',true,'{"question":"Nối từ với nghĩa:","pairs":[{"left":"guilty","right":"có lỗi"},{"left":"ashamed","right":"hổ thẹn"},{"left":"consequence","right":"hậu quả"},{"left":"mistake","right":"lỗi lầm"}],"explanationVi":"Ghép đúng từng từ."}'::jsonb),
 ('b1-u04-l5-q7','b1-u04-l5','grammar_fill_blank',7,'quiz','medium',true,'{"question":"Hoàn thành: ''You ___ (shouldn''t/say) that — she was really upset.''","acceptedAnswers":["shouldn''t have said","should not have said"],"explanationVi":"shouldn''t have said = lẽ ra không nên nói."}'::jsonb),
 ('b1-u04-l5-q8','b1-u04-l5','sentence_ordering',8,'quiz','hard',true,'{"question":"Sắp xếp thành câu đúng:","tokens":["had","she","If","harder","passed","she","would have","studied"],"correctOrder":[2,1,0,3,7,5,6,4],"explanationVi":"If she had studied harder, she would have passed."}'::jsonb),
 ('b1-u04-l5-q9','b1-u04-l5','multiple_choice',9,'quiz','medium',true,'{"question":"Câu ''could have'' diễn đạt điều gì?","options":[{"id":"a","text":"Hối tiếc mạnh"},{"id":"b","text":"Suy đoán chắc chắn"},{"id":"c","text":"Cơ hội bị bỏ lỡ hoặc khả năng có thể"}],"correctOptionId":"c","explanationVi":"could have = cơ hội bị bỏ lỡ/khả năng."}'::jsonb),
 ('b1-u04-l5-q10','b1-u04-l5','grammar_fill_blank',10,'quiz','hard',true,'{"question":"Chia động từ (suy đoán không chắc): ''He ___ (might/take) the wrong road.''","acceptedAnswers":["might have taken"],"explanationVi":"might have taken = có lẽ đã đi nhầm."}'::jsonb);

UPDATE learning_units SET review_lesson_id = 'b1-u04-l5' WHERE id = 'b1-u04';


-- ── UNIT 05 — Your Opinions ──

INSERT INTO learning_lessons (id, level_code, skill_code, unit_id, lesson_type, lesson_order, title, subtitle, duration_minutes, xp_reward, required_score_to_pass, content, theory_content) VALUES
 ('b1-u05-l1','B1','reading','b1-u05','normal',1,'Connecting Words','Cause/effect/contrast: because, so, although, however, despite, therefore, since',10,20,70,'{}'::jsonb,
  '{"warmup":"Để nói ý kiến rõ ràng, bạn cần kết nối ý tưởng. ''I like it because...'' ''However, there are problems...'' Đây là các từ nối!",
    "objectives":["Dùng từ nối nguyên nhân: because, since, as","Dùng từ nối kết quả: so, therefore, as a result","Dùng từ nối tương phản: although, even though, however, despite, in spite of"],
    "grammarHtml":"<b>Nguyên nhân (cause):</b> because/since/as + clause. <i>She stayed home because it was raining.</i><br><b>Kết quả (effect):</b> so + clause; therefore (đầu câu/giữa câu). <i>It was raining, so she stayed home. It was raining. Therefore, she stayed home.</i><br><b>Tương phản (contrast):</b><br>although/even though + clause: <i>Although it was raining, she went out.</i><br>however (đầu câu, sau dấu phẩy/chấm phẩy): <i>It was raining. However, she went out.</i><br>despite/in spite of + noun/V-ing: <i>Despite the rain, she went out.</i>",
    "vocabBlock":[
      {"word":"because","ipa":"/bɪˈkɒz/","meaningVi":"vì, bởi vì","example":"She left because she was tired."},
      {"word":"so","ipa":"/səʊ/","meaningVi":"vì vậy, nên","example":"It was hot, so I opened the window."},
      {"word":"since","ipa":"/sɪns/","meaningVi":"vì (nguyên nhân)","example":"Since it was late, we went home."},
      {"word":"although","ipa":"/ɔːlˈðəʊ/","meaningVi":"mặc dù (+ mệnh đề)","example":"Although he was tired, he kept working."},
      {"word":"however","ipa":"/haʊˈevə/","meaningVi":"tuy nhiên","example":"It was difficult. However, we succeeded."},
      {"word":"despite","ipa":"/dɪˈspaɪt/","meaningVi":"mặc dù (+ danh từ/V-ing)","example":"Despite the rain, they played."},
      {"word":"therefore","ipa":"/ˈðeəfɔː/","meaningVi":"do đó, vì vậy","example":"She studied hard. Therefore, she passed."} ],
    "examples":[
      {"en":"I didn''t go out because it was raining.","vi":"Tôi không ra ngoài vì trời mưa."},
      {"en":"It was expensive. However, I bought it anyway.","vi":"Nó đắt tiền. Tuy nhiên, tôi vẫn mua."},
      {"en":"Despite being tired, she finished the project.","vi":"Mặc dù mệt, cô ấy vẫn hoàn thành dự án."},
      {"en":"He was late, so he missed the meeting.","vi":"Anh ấy đến muộn, vì vậy lỡ cuộc họp."}],
    "commonMistakes":["❌ ''Despite she was tired'' → ✅ ''Despite being tired'' (despite + noun/V-ing, không + mệnh đề).","❌ ''Although, she went out'' → although không đứng đầu câu độc lập với dấu phẩy.","❌ ''However she was tired'' → ✅ ''However, she was tired.'' (however cần dấu phẩy sau)."],
    "tips":["although/even though + clause vs despite/in spite of + noun/V-ing.","therefore = kết quả, dùng câu trang trọng hơn so."]}'::jsonb);

INSERT INTO learning_lesson_activities (id, lesson_id, activity_type, display_order, phase, difficulty, counts_toward_mastery, payload) VALUES
 ('b1-u05-l1-p1','b1-u05-l1','grammar_fill_blank',1,'practice','easy',false,'{"question":"Điền từ nối phù hợp: ''She stayed home ___ it was raining.'' (vì)","acceptedAnswers":["because","since","as"],"explanationVi":"Nguyên nhân: because/since/as."}'::jsonb),
 ('b1-u05-l1-p2','b1-u05-l1','multiple_choice',2,'practice','easy',false,'{"question":"Chọn câu ĐÚNG với ''despite'':","options":[{"id":"a","text":"Despite she was tired, she worked."},{"id":"b","text":"Despite being tired, she worked."},{"id":"c","text":"Despite of being tired, she worked."}],"correctOptionId":"b","explanationVi":"despite + noun/V-ing (không + clause, không dùng ''of'')."}'::jsonb),
 ('b1-u05-l1-p3','b1-u05-l1','vocabulary_match',3,'practice','easy',false,'{"question":"Nối từ nối với chức năng:","pairs":[{"left":"because","right":"nguyên nhân"},{"left":"so","right":"kết quả"},{"left":"although","right":"tương phản (+ mệnh đề)"},{"left":"however","right":"tương phản (đầu câu)"}],"explanationVi":"Phân loại từ nối theo chức năng."}'::jsonb),
 ('b1-u05-l1-p4','b1-u05-l1','grammar_fill_blank',4,'practice','medium',false,'{"question":"Điền từ nối: ''It was expensive. ___, I bought it anyway.'' (tuy nhiên)","acceptedAnswers":["However"],"explanationVi":"Tương phản đầu câu: However."}'::jsonb),
 ('b1-u05-l1-p5','b1-u05-l1','translation',5,'practice','medium',false,'{"question":"Dịch sang tiếng Anh:","sourceText":"Mặc dù mệt, cô ấy vẫn hoàn thành dự án.","acceptedAnswers":["Despite being tired, she finished the project.","Although she was tired, she finished the project.","Even though she was tired, she finished the project."],"explanationVi":"Despite being tired / Although she was tired."}'::jsonb),
 ('b1-u05-l1-p6','b1-u05-l1','error_correction',6,'practice','medium',false,'{"question":"Sửa lỗi:","sourceText":"Despite she was tired, she kept working.","acceptedAnswers":["Despite being tired, she kept working.","Despite her tiredness, she kept working."],"explanationVi":"despite + noun/V-ing."}'::jsonb),
 ('b1-u05-l1-p7','b1-u05-l1','multiple_choice',7,'practice','medium',false,'{"question":"Chọn câu dùng ''therefore'' ĐÚNG:","options":[{"id":"a","text":"She studied hard, therefore she passed."},{"id":"b","text":"Therefore she passed, she studied hard."},{"id":"c","text":"She studied hard. Therefore, she passed."}],"correctOptionId":"c","explanationVi":"therefore đầu câu mới + dấu phẩy: Therefore, she passed."}'::jsonb),
 ('b1-u05-l1-q1','b1-u05-l1','multiple_choice',8,'quiz','easy',true,'{"question":"Chọn từ nối NGUYÊN NHÂN phù hợp:","options":[{"id":"a","text":"however"},{"id":"b","text":"despite"},{"id":"c","text":"because"}],"correctOptionId":"c","explanationVi":"because = từ nối nguyên nhân."}'::jsonb),
 ('b1-u05-l1-q2','b1-u05-l1','grammar_fill_blank',9,'quiz','easy',true,'{"question":"Điền từ nối: ''It was raining. ___, she went out.'' (tuy nhiên)","acceptedAnswers":["However"],"explanationVi":"Tương phản đầu câu: However."}'::jsonb),
 ('b1-u05-l1-q3','b1-u05-l1','multiple_choice',10,'quiz','medium',true,'{"question":"Chọn câu dùng ''although'' ĐÚNG:","options":[{"id":"a","text":"Although, he was late."},{"id":"b","text":"Although he was tired, he kept going."},{"id":"c","text":"Although he was tired but he kept going."}],"correctOptionId":"b","explanationVi":"although + clause, không thêm but."}'::jsonb),
 ('b1-u05-l1-q4','b1-u05-l1','grammar_fill_blank',11,'quiz','medium',true,'{"question":"Điền từ nối phù hợp: ''___ the heavy traffic, she arrived on time.'' (mặc dù)","acceptedAnswers":["Despite","In spite of"],"explanationVi":"despite/in spite of + noun."}'::jsonb),
 ('b1-u05-l1-q5','b1-u05-l1','sentence_ordering',12,'quiz','hard',true,'{"question":"Sắp xếp thành câu đúng:","tokens":["tired","Although","kept","was","he","working","he"],"correctOrder":[1,6,3,2,0,4,5],"explanationVi":"Although he was tired, he kept working."}'::jsonb),
 ('b1-u05-l1-q6','b1-u05-l1','vocabulary_match',13,'quiz','medium',true,'{"question":"Nối từ nối với chức năng:","pairs":[{"left":"therefore","right":"kết quả (trang trọng)"},{"left":"despite","right":"tương phản + noun/V-ing"},{"left":"since","right":"nguyên nhân"}],"explanationVi":"Ghép đúng từng từ nối."}'::jsonb),
 ('b1-u05-l1-q7','b1-u05-l1','grammar_fill_blank',14,'quiz','hard',true,'{"question":"Điền từ nối ĐÚNG: ''She worked very hard. ___, she got a promotion.'' (do đó)","acceptedAnswers":["Therefore","As a result"],"explanationVi":"Kết quả: Therefore / As a result."}'::jsonb);

INSERT INTO learning_lessons (id, level_code, skill_code, unit_id, lesson_type, lesson_order, title, subtitle, duration_minutes, xp_reward, required_score_to_pass, content, theory_content) VALUES
 ('b1-u05-l2','B1','reading','b1-u05','normal',2,'-ing/-ed Adjectives','Boring/bored, exciting/excited: phân biệt và dùng đúng',10,20,70,'{}'::jsonb,
  '{"warmup":"''The film was boring.'' vs ''I was bored.'' Tại sao? Câu đầu mô tả bộ phim, câu sau mô tả cảm giác của tôi!",
    "objectives":["Phân biệt -ing adjectives (mô tả sự vật/tình huống) và -ed adjectives (mô tả cảm giác của người)","Dùng đúng: boring/bored, exciting/excited, interesting/interested, surprising/surprised, tiring/tired, frightening/frightened"],
    "grammarHtml":"<b>-ing adjective:</b> mô tả đặc điểm của sự vật, tình huống, hoặc hành động gây ra cảm giác đó.<br><i>The film is boring.</i> (bộ phim gây buồn chán)<br><b>-ed adjective:</b> mô tả cảm giác của người (hoặc động vật).<br><i>I am bored.</i> (tôi cảm thấy buồn chán)<br><b>Các cặp thường gặp:</b><br>boring/bored, exciting/excited, interesting/interested, surprising/surprised, tiring/tired, frightening/frightened, amusing/amused, confusing/confused.",
    "vocabBlock":[
      {"word":"boring","ipa":"/ˈbɔːrɪŋ/","meaningVi":"nhàm chán (gây buồn)","example":"The lecture was boring."},
      {"word":"bored","ipa":"/bɔːd/","meaningVi":"chán (cảm giác)","example":"I felt bored during the lecture."},
      {"word":"exciting","ipa":"/ɪkˈsaɪtɪŋ/","meaningVi":"thú vị, hấp dẫn (gây hứng)","example":"The game was exciting."},
      {"word":"excited","ipa":"/ɪkˈsaɪtɪd/","meaningVi":"hứng khởi (cảm giác)","example":"She was excited about the trip."},
      {"word":"interesting","ipa":"/ˈɪntrəstɪŋ/","meaningVi":"thú vị (gây tò mò)","example":"It was an interesting book."},
      {"word":"interested","ipa":"/ˈɪntrəstɪd/","meaningVi":"thấy thích thú (cảm giác)","example":"I am interested in science."},
      {"word":"tiring","ipa":"/ˈtaɪərɪŋ/","meaningVi":"mệt mỏi (gây mệt)","example":"The journey was tiring."},
      {"word":"tired","ipa":"/taɪəd/","meaningVi":"mệt (cảm giác)","example":"I feel tired after work."}],
    "examples":[
      {"en":"The match was exciting. The fans were excited.","vi":"Trận đấu rất hấp dẫn. Các fan rất hứng khởi."},
      {"en":"The news was surprising. She was surprised.","vi":"Tin tức rất bất ngờ. Cô ấy bị bất ngờ."},
      {"en":"Learning grammar can be confusing, but students shouldn''t feel confused forever!","vi":"Học ngữ pháp có thể gây khó hiểu, nhưng học sinh không nên mãi bị bối rối!"}],
    "commonMistakes":["❌ ''I am boring.'' (= Tôi là người nhàm chán) → ✅ ''I am bored.'' (= Tôi đang chán).","❌ ''The book is interested.'' → ✅ ''The book is interesting.''"],
    "tips":["Người/động vật = -ed; sự vật/tình huống = -ing.","Hỏi: Cái gì/ai GÂY RA cảm giác? → -ing. Ai CẢM THẤY? → -ed."]}'::jsonb);

INSERT INTO learning_lesson_activities (id, lesson_id, activity_type, display_order, phase, difficulty, counts_toward_mastery, payload) VALUES
 ('b1-u05-l2-p1','b1-u05-l2','multiple_choice',1,'practice','easy',false,'{"question":"Chọn từ ĐÚNG: ''The match was really ___.''","options":[{"id":"a","text":"excited"},{"id":"b","text":"exciting"},{"id":"c","text":"excite"}],"correctOptionId":"b","explanationVi":"Mô tả trận đấu (sự vật) → exciting."}'::jsonb),
 ('b1-u05-l2-p2','b1-u05-l2','multiple_choice',2,'practice','easy',false,'{"question":"Chọn từ ĐÚNG: ''She was very ___ about the trip.''","options":[{"id":"a","text":"exciting"},{"id":"b","text":"excited"},{"id":"c","text":"excite"}],"correctOptionId":"b","explanationVi":"Mô tả cảm giác của người → excited."}'::jsonb),
 ('b1-u05-l2-p3','b1-u05-l2','vocabulary_match',3,'practice','easy',false,'{"question":"Nối từ với nghĩa:","pairs":[{"left":"boring","right":"nhàm chán (gây buồn)"},{"left":"bored","right":"chán (cảm giác)"},{"left":"tiring","right":"mệt mỏi (gây mệt)"},{"left":"tired","right":"mệt (cảm giác)"}],"explanationVi":"Phân biệt -ing và -ed."}'::jsonb),
 ('b1-u05-l2-p4','b1-u05-l2','grammar_fill_blank',4,'practice','medium',false,'{"question":"Điền từ đúng: ''The news was ___ — nobody expected it.'' (gây bất ngờ)","acceptedAnswers":["surprising"],"explanationVi":"surprising = gây bất ngờ (mô tả tin tức)."}'::jsonb),
 ('b1-u05-l2-p5','b1-u05-l2','translation',5,'practice','medium',false,'{"question":"Dịch sang tiếng Anh:","sourceText":"Cuốn sách này rất thú vị. Tôi rất hứng thú với nó.","acceptedAnswers":["This book is very interesting. I am very interested in it.","The book is very interesting. I am very interested in it."],"explanationVi":"interesting (sách) + interested (tôi)."}'::jsonb),
 ('b1-u05-l2-p6','b1-u05-l2','error_correction',6,'practice','medium',false,'{"question":"Sửa lỗi:","sourceText":"I am boring because the lesson is bored.","acceptedAnswers":["I am bored because the lesson is boring.","I am bored because the lesson is boring"],"explanationVi":"Người = bored; bài học = boring."}'::jsonb),
 ('b1-u05-l2-p7','b1-u05-l2','multiple_choice',7,'practice','medium',false,'{"question":"Chọn câu ĐÚNG:","options":[{"id":"a","text":"The journey was very tired."},{"id":"b","text":"The journey was very tiring."},{"id":"c","text":"I felt tiring after the journey."}],"correctOptionId":"b","explanationVi":"Hành trình (sự vật) gây mệt → tiring."}'::jsonb),
 ('b1-u05-l2-q1','b1-u05-l2','multiple_choice',8,'quiz','easy',true,'{"question":"Chọn từ ĐÚNG: ''The homework was really ___.''","options":[{"id":"a","text":"confused"},{"id":"b","text":"confusing"},{"id":"c","text":"confuse"}],"correctOptionId":"b","explanationVi":"Mô tả bài tập → confusing."}'::jsonb),
 ('b1-u05-l2-q2','b1-u05-l2','grammar_fill_blank',9,'quiz','easy',true,'{"question":"Điền từ đúng: ''The students were ___ by the instructions.'' (bị bối rối)","acceptedAnswers":["confused"],"explanationVi":"Học sinh cảm thấy → confused."}'::jsonb),
 ('b1-u05-l2-q3','b1-u05-l2','multiple_choice',10,'quiz','medium',true,'{"question":"Câu nào ĐÚNG?","options":[{"id":"a","text":"I am boring at home."},{"id":"b","text":"Staying home is bored."},{"id":"c","text":"I feel bored staying home."}],"correctOptionId":"c","explanationVi":"Người cảm thấy → bored."}'::jsonb),
 ('b1-u05-l2-q4','b1-u05-l2','grammar_fill_blank',11,'quiz','medium',true,'{"question":"Điền từ đúng: ''She was ___ to hear the news.'' (bị bất ngờ)","acceptedAnswers":["surprised"],"explanationVi":"Người bị tác động → surprised."}'::jsonb),
 ('b1-u05-l2-q5','b1-u05-l2','vocabulary_match',12,'quiz','medium',true,'{"question":"Nối từ với nghĩa:","pairs":[{"left":"interesting","right":"thú vị (gây tò mò)"},{"left":"interested","right":"thấy thích thú"},{"left":"frightening","right":"đáng sợ (gây sợ)"},{"left":"frightened","right":"sợ hãi (cảm giác)"}],"explanationVi":"Phân biệt -ing và -ed."}'::jsonb),
 ('b1-u05-l2-q6','b1-u05-l2','sentence_ordering',13,'quiz','hard',true,'{"question":"Sắp xếp thành câu đúng:","tokens":["exciting","The","was","match","fans","The","excited","were"],"correctOrder":[1,2,0,3,4,5,7,6],"explanationVi":"The match was exciting. The fans were excited."}'::jsonb),
 ('b1-u05-l2-q7','b1-u05-l2','grammar_fill_blank',14,'quiz','hard',true,'{"question":"Điền từ đúng: ''The long flight was ___ but I was too ___ to sleep.'' (gây mệt / hứng khởi)","acceptedAnswers":["tiring, excited"],"explanationVi":"tiring (chuyến bay gây mệt) + excited (tôi hứng khởi)."}'::jsonb);

INSERT INTO learning_lessons (id, level_code, skill_code, unit_id, lesson_type, lesson_order, title, subtitle, duration_minutes, xp_reward, required_score_to_pass, content, theory_content) VALUES
 ('b1-u05-l3','B1','reading','b1-u05','normal',3,'Opinion Expressions','Từ vựng: Diễn đạt ý kiến',10,20,70,'{}'::jsonb,
  '{"warmup":"Khi muốn nói ý kiến của mình bằng tiếng Anh, bạn dùng gì ngoài ''I think''?",
    "objectives":["Học các cụm từ diễn đạt ý kiến cá nhân","Phân biệt cách diễn đạt chắc chắn vs không chắc","Dùng các cụm từ trong hội thoại tranh luận"],
    "vocabBlock":[
      {"word":"In my opinion","ipa":"/ɪn maɪ əˈpɪnjən/","meaningVi":"theo ý kiến của tôi","example":"In my opinion, homework is necessary."},
      {"word":"I think","ipa":"/aɪ θɪŋk/","meaningVi":"tôi nghĩ","example":"I think this is a good idea."},
      {"word":"I believe","ipa":"/aɪ bɪˈliːv/","meaningVi":"tôi tin rằng","example":"I believe exercise is important."},
      {"word":"I''d say","ipa":"/aɪd seɪ/","meaningVi":"tôi sẽ nói rằng (không chắc lắm)","example":"I''d say about fifty people were there."},
      {"word":"Personally","ipa":"/ˈpɜːsənəli/","meaningVi":"cá nhân tôi","example":"Personally, I prefer coffee to tea."},
      {"word":"As far as I know","ipa":"/əz fɑːr əz aɪ nəʊ/","meaningVi":"theo tôi biết","example":"As far as I know, the shop is closed."},
      {"word":"I''m not sure I agree","ipa":"/aɪm nɒt ʃʊər aɪ əˈɡriː/","meaningVi":"tôi không chắc tôi đồng ý","example":"I''m not sure I agree with that view."},
      {"word":"That''s a good point","ipa":"/ðæts ə ɡʊd pɔɪnt/","meaningVi":"đó là một điểm hay","example":"That''s a good point — I hadn''t thought of that."}],
    "examples":[
      {"en":"In my opinion, students should have less homework.","vi":"Theo ý kiến của tôi, học sinh nên có ít bài tập hơn."},
      {"en":"Personally, I believe technology makes life easier.","vi":"Cá nhân tôi tin rằng công nghệ giúp cuộc sống dễ hơn."},
      {"en":"That''s a good point, but I''m not sure I agree.","vi":"Đó là điểm hay, nhưng tôi không chắc tôi đồng ý."},
      {"en":"As far as I know, the new policy starts next month.","vi":"Theo tôi biết, chính sách mới bắt đầu tháng sau."}],
    "commonMistakes":["''In my opinion, I think...'' → không cần cả hai: chọn một cụm.","As far as I know ≠ theo tôi biết chính xác; = theo tôi biết (có thể sai)."],
    "tips":["Kết hợp: ''In my opinion, ... However, I''m not sure I agree that...'' để tạo lập luận rõ ràng."]}'::jsonb);

INSERT INTO learning_lesson_activities (id, lesson_id, activity_type, display_order, phase, difficulty, counts_toward_mastery, payload) VALUES
 ('b1-u05-l3-p1','b1-u05-l3','vocabulary_match',1,'practice','easy',false,'{"question":"Nối cụm từ với nghĩa:","pairs":[{"left":"In my opinion","right":"theo ý kiến của tôi"},{"left":"I believe","right":"tôi tin rằng"},{"left":"Personally","right":"cá nhân tôi"},{"left":"I''d say","right":"tôi sẽ nói rằng"}],"explanationVi":"Ghép đúng từng cụm từ ý kiến."}'::jsonb),
 ('b1-u05-l3-p2','b1-u05-l3','vocabulary_match',2,'practice','easy',false,'{"question":"Nối cụm từ với nghĩa:","pairs":[{"left":"As far as I know","right":"theo tôi biết"},{"left":"I''m not sure I agree","right":"tôi không chắc đồng ý"},{"left":"That''s a good point","right":"đó là điểm hay"}],"explanationVi":"Ghép đúng từng cụm từ phản hồi."}'::jsonb),
 ('b1-u05-l3-p3','b1-u05-l3','multiple_choice',3,'practice','easy',false,'{"question":"Cụm từ nào dùng để ĐỒNG Ý một phần nhưng còn nghi ngờ?","options":[{"id":"a","text":"I believe"},{"id":"b","text":"I''m not sure I agree"},{"id":"c","text":"In my opinion"}],"correctOptionId":"b","explanationVi":"I''m not sure I agree = không chắc đồng ý."}'::jsonb),
 ('b1-u05-l3-p4','b1-u05-l3','multiple_choice',4,'practice','medium',false,'{"question":"Chọn câu phù hợp để bắt đầu ý kiến cá nhân:","options":[{"id":"a","text":"As far as I know, I love this film."},{"id":"b","text":"Personally, I think homework is useful."},{"id":"c","text":"That''s a good point that homework is useful."}],"correctOptionId":"b","explanationVi":"Personally + ý kiến cá nhân rõ ràng."}'::jsonb),
 ('b1-u05-l3-p5','b1-u05-l3','translation',5,'practice','medium',false,'{"question":"Dịch sang tiếng Anh:","sourceText":"Theo ý kiến của tôi, học sinh nên có ít bài tập về nhà hơn.","acceptedAnswers":["In my opinion, students should have less homework.","I think students should have less homework.","Personally, I think students should have less homework."],"explanationVi":"In my opinion, students should have less homework."}'::jsonb),
 ('b1-u05-l3-p6','b1-u05-l3','grammar_fill_blank',6,'practice','medium',false,'{"question":"Điền cụm từ phù hợp: ''___, the meeting is at 3 pm.'' (theo tôi biết)","acceptedAnswers":["As far as I know"],"explanationVi":"As far as I know = theo tôi biết."}'::jsonb),
 ('b1-u05-l3-p7','b1-u05-l3','multiple_choice',7,'practice','medium',false,'{"question":"Chọn câu phản hồi ĐÚNG khi đồng ý điểm đó là hay:","options":[{"id":"a","text":"I''m not sure I agree with that."},{"id":"b","text":"That''s a good point."},{"id":"c","text":"As far as I know."}],"correctOptionId":"b","explanationVi":"That''s a good point = công nhận điểm hay của người kia."}'::jsonb),
 ('b1-u05-l3-q1','b1-u05-l3','vocabulary_match',8,'quiz','easy',true,'{"question":"Nối cụm từ với nghĩa:","pairs":[{"left":"I believe","right":"tôi tin rằng"},{"left":"I''d say","right":"tôi sẽ nói rằng"},{"left":"Personally","right":"cá nhân tôi"}],"explanationVi":"Ghép đúng từng cụm từ."}'::jsonb),
 ('b1-u05-l3-q2','b1-u05-l3','multiple_choice',9,'quiz','easy',true,'{"question":"Cụm từ nào dùng để nêu ý kiến CHẮC CHẮN nhất?","options":[{"id":"a","text":"I''d say"},{"id":"b","text":"As far as I know"},{"id":"c","text":"I believe"}],"correctOptionId":"c","explanationVi":"I believe = diễn đạt niềm tin mạnh hơn I''d say."}'::jsonb),
 ('b1-u05-l3-q3','b1-u05-l3','multiple_choice',10,'quiz','medium',true,'{"question":"Chọn câu ĐÚNG để bày tỏ ý kiến cá nhân:","options":[{"id":"a","text":"In my opinion, I think homework is important."},{"id":"b","text":"In my opinion, homework is important."},{"id":"c","text":"In my opinion, that homework is important."}],"correctOptionId":"b","explanationVi":"Không kép cụm + I think: chỉ cần một."}'::jsonb),
 ('b1-u05-l3-q4','b1-u05-l3','grammar_fill_blank',11,'quiz','medium',true,'{"question":"Điền cụm từ phản hồi: ''___ — I hadn''t thought of that.'' (điểm hay)","acceptedAnswers":["That''s a good point","That is a good point"],"explanationVi":"That''s a good point = công nhận điểm hay."}'::jsonb),
 ('b1-u05-l3-q5','b1-u05-l3','vocabulary_match',12,'quiz','medium',true,'{"question":"Nối cụm từ với mức độ chắc chắn:","pairs":[{"left":"I believe","right":"chắc chắn"},{"left":"I''d say","right":"không chắc lắm"},{"left":"As far as I know","right":"có thể sai"}],"explanationVi":"Phân biệt mức độ chắc chắn."}'::jsonb),
 ('b1-u05-l3-q6','b1-u05-l3','sentence_ordering',13,'quiz','hard',true,'{"question":"Sắp xếp thành câu đúng:","tokens":["I","opinion,","In","less","students","should","homework","have","my"],"correctOrder":[2,0,1,4,5,3,7,6,8],"explanationVi":"In my opinion, students should have less homework."}'::jsonb),
 ('b1-u05-l3-q7','b1-u05-l3','grammar_fill_blank',14,'quiz','hard',true,'{"question":"Điền cụm từ: ''___, technology makes life much easier.'' (cá nhân tôi)","acceptedAnswers":["Personally"],"explanationVi":"Personally = cá nhân tôi."}'::jsonb);

INSERT INTO learning_lessons (id, level_code, skill_code, unit_id, lesson_type, lesson_order, title, subtitle, duration_minutes, xp_reward, required_score_to_pass, content, theory_content) VALUES
 ('b1-u05-l4','B1','reading','b1-u05','normal',4,'Should Homework Be Banned?','Đọc hiểu: Bài văn nghị luận B1',10,20,70,'{}'::jsonb,
  '{"warmup":"Bạn nghĩ gì về bài tập về nhà? Có nên bãi bỏ không? Hãy đọc và tìm hiểu lập luận của hai phía.",
    "objectives":["Đọc hiểu bài văn nghị luận B1","Nhận biết lập luận ủng hộ và phản đối","Học cách nhận biết từ nối trong văn nghị luận"],
    "vocabBlock":[
      {"word":"ban","ipa":"/bæn/","meaningVi":"cấm, bãi bỏ","example":"Should homework be banned?"},
      {"word":"argument","ipa":"/ˈɑːɡjumənt/","meaningVi":"lập luận, tranh luận","example":"There are good arguments on both sides."},
      {"word":"benefit","ipa":"/ˈbenɪfɪt/","meaningVi":"lợi ích","example":"Homework has many benefits."},
      {"word":"stress","ipa":"/stres/","meaningVi":"căng thẳng, áp lực","example":"Too much homework causes stress."}],
    "examples":[
      {"en":"Should homework be banned? Many students believe it should. In their opinion, homework causes stress and takes time away from family and hobbies. Despite this, most teachers disagree. They believe homework helps students practise what they have learned and develop good study habits. Furthermore, research suggests that students who do homework achieve better results in exams. However, there is also evidence that too much homework can lead to anxiety and burnout. Therefore, many experts suggest a balance is needed: some homework, but not too much. Personally, I think the quality of homework matters more than the quantity.","vi":"Bài tập về nhà có nên bị bãi bỏ không? Nhiều học sinh nghĩ là nên. Theo ý kiến của họ, bài tập về nhà gây căng thẳng và chiếm thời gian dành cho gia đình và sở thích. Mặc dù vậy, hầu hết giáo viên không đồng ý. Họ tin rằng bài tập giúp học sinh luyện tập và hình thành thói quen học tập tốt. Hơn nữa, nghiên cứu cho thấy học sinh làm bài tập đạt kết quả thi tốt hơn. Tuy nhiên, cũng có bằng chứng rằng bài tập quá nhiều có thể gây lo âu và kiệt sức. Vì vậy, nhiều chuyên gia cho rằng cần có sự cân bằng: một số bài tập, nhưng không quá nhiều. Cá nhân tôi nghĩ chất lượng bài tập quan trọng hơn số lượng."}],
    "commonMistakes":["Đọc kỹ để phân biệt ý kiến của học sinh, giáo viên và chuyên gia."],
    "tips":["Chú ý các từ nối: despite, however, therefore, furthermore để theo dõi lập luận."]}'::jsonb);

INSERT INTO learning_lesson_activities (id, lesson_id, activity_type, display_order, phase, difficulty, counts_toward_mastery, payload) VALUES
 ('b1-u05-l4-p1','b1-u05-l4','multiple_choice',1,'practice','easy',false,'{"question":"Theo bài đọc, học sinh nghĩ bài tập về nhà gây ra điều gì?","options":[{"id":"a","text":"Kết quả tốt hơn"},{"id":"b","text":"Căng thẳng và mất thời gian"},{"id":"c","text":"Thói quen học tập tốt"}],"correctOptionId":"b","explanationVi":"''homework causes stress and takes time away'' → căng thẳng và mất thời gian."}'::jsonb),
 ('b1-u05-l4-p2','b1-u05-l4','multiple_choice',2,'practice','easy',false,'{"question":"Hầu hết giáo viên ủng hộ hay phản đối bài tập về nhà?","options":[{"id":"a","text":"Phản đối"},{"id":"b","text":"Ủng hộ"},{"id":"c","text":"Không quan tâm"}],"correctOptionId":"b","explanationVi":"''most teachers disagree'' (với học sinh) → giáo viên ủng hộ bài tập."}'::jsonb),
 ('b1-u05-l4-p3','b1-u05-l4','multiple_choice',3,'practice','medium',false,'{"question":"Từ nối nào báo hiệu thông tin bổ sung trong bài?","options":[{"id":"a","text":"However"},{"id":"b","text":"Despite"},{"id":"c","text":"Furthermore"}],"correctOptionId":"c","explanationVi":"Furthermore = hơn nữa, bổ sung thêm luận điểm."}'::jsonb),
 ('b1-u05-l4-p4','b1-u05-l4','vocabulary_match',4,'practice','easy',false,'{"question":"Nối từ với nghĩa:","pairs":[{"left":"ban","right":"cấm, bãi bỏ"},{"left":"argument","right":"lập luận"},{"left":"benefit","right":"lợi ích"},{"left":"stress","right":"căng thẳng"}],"explanationVi":"Ghép đúng từng từ."}'::jsonb),
 ('b1-u05-l4-p5','b1-u05-l4','multiple_choice',5,'practice','medium',false,'{"question":"Nghiên cứu cho thấy điều gì về học sinh làm bài tập?","options":[{"id":"a","text":"Họ căng thẳng hơn"},{"id":"b","text":"Họ đạt kết quả thi tốt hơn"},{"id":"c","text":"Họ có ít thời gian vui chơi hơn"}],"correctOptionId":"b","explanationVi":"''students who do homework achieve better results in exams.''"}'::jsonb),
 ('b1-u05-l4-p6','b1-u05-l4','multiple_choice',6,'practice','medium',false,'{"question":"Theo tác giả, điều gì quan trọng hơn trong bài tập về nhà?","options":[{"id":"a","text":"Số lượng"},{"id":"b","text":"Chất lượng"},{"id":"c","text":"Thời gian làm"}],"correctOptionId":"b","explanationVi":"''quality of homework matters more than the quantity.''"}'::jsonb),
 ('b1-u05-l4-p7','b1-u05-l4','grammar_fill_blank',7,'practice','medium',false,'{"question":"Điền từ nối phù hợp: ''___, many experts suggest a balance is needed.'' (vì vậy)","acceptedAnswers":["Therefore"],"explanationVi":"Therefore = kết quả luận điểm."}'::jsonb),
 ('b1-u05-l4-q1','b1-u05-l4','multiple_choice',8,'quiz','easy',true,'{"question":"Lập luận chính của học sinh chống bài tập là gì?","options":[{"id":"a","text":"Bài tập không giúp ích gì"},{"id":"b","text":"Bài tập gây căng thẳng và mất thời gian tự do"},{"id":"c","text":"Giáo viên giao bài tập quá khó"}],"correctOptionId":"b","explanationVi":"''causes stress and takes time away from family and hobbies.''"}'::jsonb),
 ('b1-u05-l4-q2','b1-u05-l4','multiple_choice',9,'quiz','easy',true,'{"question":"Giáo viên tin rằng bài tập giúp học sinh làm gì?","options":[{"id":"a","text":"Vui chơi nhiều hơn"},{"id":"b","text":"Học ít hơn ở trường"},{"id":"c","text":"Luyện tập và hình thành thói quen học tốt"}],"correctOptionId":"c","explanationVi":"''practise what they have learned and develop good study habits.''"}'::jsonb),
 ('b1-u05-l4-q3','b1-u05-l4','multiple_choice',10,'quiz','medium',true,'{"question":"Từ nối nào trong bài báo hiệu TƯƠNG PHẢN?","options":[{"id":"a","text":"Furthermore"},{"id":"b","text":"However"},{"id":"c","text":"Therefore"}],"correctOptionId":"b","explanationVi":"However = tuy nhiên (tương phản)."}'::jsonb),
 ('b1-u05-l4-q4','b1-u05-l4','grammar_fill_blank',11,'quiz','medium',true,'{"question":"Hoàn thành: ''___ this, most teachers disagree.'' (mặc dù điều đó)","acceptedAnswers":["Despite"],"explanationVi":"Despite this = mặc dù điều đó."}'::jsonb),
 ('b1-u05-l4-q5','b1-u05-l4','multiple_choice',12,'quiz','medium',true,'{"question":"Ý kiến cá nhân của tác giả là gì?","options":[{"id":"a","text":"Nên bãi bỏ hoàn toàn bài tập"},{"id":"b","text":"Chất lượng quan trọng hơn số lượng"},{"id":"c","text":"Học sinh nên làm nhiều bài tập hơn"}],"correctOptionId":"b","explanationVi":"''quality of homework matters more than the quantity.''"}'::jsonb),
 ('b1-u05-l4-q6','b1-u05-l4','vocabulary_match',13,'quiz','easy',true,'{"question":"Nối từ với nghĩa:","pairs":[{"left":"ban","right":"cấm"},{"left":"benefit","right":"lợi ích"},{"left":"argument","right":"lập luận"}],"explanationVi":"Ghép đúng từng từ."}'::jsonb),
 ('b1-u05-l4-q7','b1-u05-l4','grammar_fill_blank',14,'quiz','hard',true,'{"question":"Điền cụm từ ý kiến phù hợp vào: ''___, homework should be limited to 30 minutes a day.'' (cá nhân tôi)","acceptedAnswers":["Personally","In my opinion","I believe"],"explanationVi":"Các cụm từ ý kiến cá nhân."}'::jsonb);

INSERT INTO learning_lessons (id, level_code, skill_code, unit_id, lesson_type, lesson_order, title, subtitle, duration_minutes, xp_reward, required_score_to_pass, content, theory_content) VALUES
 ('b1-u05-l5','B1','reading','b1-u05','unit_review',5,'Unit 5 Review','Ôn tập Unit 5: Your Opinions',12,30,75,'{}'::jsonb,
  '{"warmup":"Ôn tập Unit 5: từ nối, tính từ -ing/-ed và cụm từ ý kiến.","objectives":["Tổng hợp can-do Unit 5","Đạt ≥ 75% để hoàn thành Unit"],"vocabBlock":[],"examples":[],"commonMistakes":[],"tips":["Cần đúng ≥ 8/10 để qua Unit."]}'::jsonb);

INSERT INTO learning_lesson_activities (id, lesson_id, activity_type, display_order, phase, difficulty, counts_toward_mastery, payload) VALUES
 ('b1-u05-l5-q1','b1-u05-l5','grammar_fill_blank',1,'quiz','easy',true,'{"question":"Điền từ nối nguyên nhân: ''She stayed home ___ she was sick.''","acceptedAnswers":["because","since","as"],"explanationVi":"Nguyên nhân: because/since/as."}'::jsonb),
 ('b1-u05-l5-q2','b1-u05-l5','multiple_choice',2,'quiz','easy',true,'{"question":"Chọn câu ĐÚNG với ''despite'':","options":[{"id":"a","text":"Despite she was tired, she worked."},{"id":"b","text":"Despite being tired, she worked."},{"id":"c","text":"Despite of being tired, she worked."}],"correctOptionId":"b","explanationVi":"despite + V-ing."}'::jsonb),
 ('b1-u05-l5-q3','b1-u05-l5','multiple_choice',3,'quiz','easy',true,'{"question":"Chọn từ ĐÚNG: ''The film was very ___.'' (gây hấp dẫn)","options":[{"id":"a","text":"excited"},{"id":"b","text":"exciting"},{"id":"c","text":"excite"}],"correctOptionId":"b","explanationVi":"Mô tả bộ phim (sự vật) → exciting."}'::jsonb),
 ('b1-u05-l5-q4','b1-u05-l5','grammar_fill_blank',4,'quiz','medium',true,'{"question":"Điền từ đúng: ''I am ___ by the instructions.'' (bị bối rối)","acceptedAnswers":["confused"],"explanationVi":"Người cảm thấy → confused."}'::jsonb),
 ('b1-u05-l5-q5','b1-u05-l5','multiple_choice',5,'quiz','medium',true,'{"question":"Cụm từ nào diễn đạt ý kiến KHÔNG CHẮC CHẮN?","options":[{"id":"a","text":"I believe"},{"id":"b","text":"I''d say"},{"id":"c","text":"In my opinion"}],"correctOptionId":"b","explanationVi":"I''d say = không chắc lắm."}'::jsonb),
 ('b1-u05-l5-q6','b1-u05-l5','vocabulary_match',6,'quiz','medium',true,'{"question":"Nối từ nối với chức năng:","pairs":[{"left":"because","right":"nguyên nhân"},{"left":"however","right":"tương phản"},{"left":"therefore","right":"kết quả"},{"left":"although","right":"tương phản + mệnh đề"}],"explanationVi":"Phân loại từ nối."}'::jsonb),
 ('b1-u05-l5-q7','b1-u05-l5','grammar_fill_blank',7,'quiz','medium',true,'{"question":"Điền cụm từ: ''___, technology makes life easier.'' (cá nhân tôi)","acceptedAnswers":["Personally"],"explanationVi":"Personally = cá nhân tôi."}'::jsonb),
 ('b1-u05-l5-q8','b1-u05-l5','sentence_ordering',8,'quiz','hard',true,'{"question":"Sắp xếp thành câu đúng:","tokens":["tired","Although","working","was","he","kept","he"],"correctOrder":[1,6,3,2,0,4,5],"explanationVi":"Although he was tired, he kept working."}'::jsonb),
 ('b1-u05-l5-q9','b1-u05-l5','multiple_choice',9,'quiz','medium',true,'{"question":"Câu nào ĐÚNG (phản hồi trong tranh luận)?","options":[{"id":"a","text":"I''m not sure I agree with that view."},{"id":"b","text":"As far as I know, I like this."},{"id":"c","text":"That''s a good point is important."}],"correctOptionId":"a","explanationVi":"I''m not sure I agree with that view = phản hồi không đồng ý."}'::jsonb),
 ('b1-u05-l5-q10','b1-u05-l5','grammar_fill_blank',10,'quiz','hard',true,'{"question":"Điền từ nối tương phản ĐÚNG: ''She studied hard. ___, she failed the exam.''","acceptedAnswers":["However"],"explanationVi":"Tương phản đầu câu: However."}'::jsonb);

UPDATE learning_units SET review_lesson_id = 'b1-u05-l5' WHERE id = 'b1-u05';


-- ── UNIT 06 — In the News ──

INSERT INTO learning_lessons (id, level_code, skill_code, unit_id, lesson_type, lesson_order, title, subtitle, duration_minutes, xp_reward, required_score_to_pass, content, theory_content) VALUES
 ('b1-u06-l1','B1','reading','b1-u06','normal',1,'Passive Voice (Present & Past Simple)','Am/is/are/was/were + V3: câu bị động hiện tại & quá khứ',10,20,70,'{}'::jsonb,
  '{"warmup":"''Apple makes iPhones.'' vs ''iPhones are made by Apple.'' Câu thứ hai nhấn vào điều gì? Bị động giúp chúng ta thay đổi trọng tâm câu!",
    "objectives":["Tạo câu bị động ở thì hiện tại đơn (am/is/are + V3)","Tạo câu bị động ở thì quá khứ đơn (was/were + V3)","Dùng by-agent khi cần thiết, bỏ qua khi không quan trọng"],
    "grammarHtml":"<b>Câu chủ động → bị động:</b><br>Hiện tại đơn: S + am/is/are + V3 (by agent).<br>Active: People speak English worldwide. → Passive: English is spoken worldwide.<br>Quá khứ đơn: S + was/were + V3 (by agent).<br>Active: Someone stole my car. → Passive: My car was stolen.<br><b>Quy tắc:</b> Tân ngữ câu chủ động → Chủ ngữ câu bị động. By + agent (người/vật thực hiện) — bỏ qua nếu không quan trọng.<br><b>Câu phủ định:</b> is not/was not + V3. <b>Câu hỏi:</b> Is/Was + S + V3?",
    "vocabBlock":[
      {"word":"is made","ipa":"/ɪz meɪd/","meaningVi":"được làm ra","example":"This product is made in Vietnam."},
      {"word":"was built","ipa":"/wɒz bɪlt/","meaningVi":"được xây dựng","example":"The bridge was built in 1990."},
      {"word":"are sold","ipa":"/ɑː səʊld/","meaningVi":"được bán","example":"Millions of phones are sold each year."},
      {"word":"were found","ipa":"/wɜː faʊnd/","meaningVi":"được tìm thấy","example":"Fossils were found near the river."},
      {"word":"by","ipa":"/baɪ/","meaningVi":"bởi (người/vật thực hiện)","example":"The letter was written by her."}],
    "examples":[
      {"en":"English is taught in schools worldwide.","vi":"Tiếng Anh được dạy ở các trường học trên toàn thế giới."},
      {"en":"The window was broken by the ball.","vi":"Cửa sổ bị vỡ bởi quả bóng."},
      {"en":"The new museum was opened last year.","vi":"Bảo tàng mới được khai trương năm ngoái."},
      {"en":"These cars are not made in this country.","vi":"Những chiếc xe này không được sản xuất ở đất nước này."}],
    "commonMistakes":["❌ ''English is speak worldwide.'' → ✅ ''English is spoken worldwide.'' (V3, không phải V nguyên thể).","❌ ''The car was builded.'' → ✅ ''The car was built.'' (V3 bất quy tắc).","❌ By the passive → bỏ by agent khi chủ thể không quan trọng hoặc không biết."],
    "tips":["Nhớ V3 của các động từ bất quy tắc: build → built, write → written, sell → sold, find → found.","Bỏ by-agent khi: chủ thể là people/someone/everyone hoặc không biết."]}'::jsonb);

INSERT INTO learning_lesson_activities (id, lesson_id, activity_type, display_order, phase, difficulty, counts_toward_mastery, payload) VALUES
 ('b1-u06-l1-p1','b1-u06-l1','grammar_fill_blank',1,'practice','easy',false,'{"question":"Chuyển sang bị động: ''People speak English worldwide.'' → ''English ___ (speak) worldwide.''","acceptedAnswers":["is spoken"],"explanationVi":"Hiện tại đơn bị động: is spoken."}'::jsonb),
 ('b1-u06-l1-p2','b1-u06-l1','multiple_choice',2,'practice','easy',false,'{"question":"Chọn câu bị động ĐÚNG: ''Someone stole my car.''","options":[{"id":"a","text":"My car was stolen."},{"id":"b","text":"My car is stolen."},{"id":"c","text":"My car was steal."}],"correctOptionId":"a","explanationVi":"Quá khứ bị động: was + V3 (stolen)."}'::jsonb),
 ('b1-u06-l1-p3','b1-u06-l1','vocabulary_match',3,'practice','easy',false,'{"question":"Nối dạng bị động với nghĩa:","pairs":[{"left":"is made","right":"được làm ra"},{"left":"was built","right":"được xây dựng"},{"left":"are sold","right":"được bán"},{"left":"were found","right":"được tìm thấy"}],"explanationVi":"Ghép đúng từng dạng bị động."}'::jsonb),
 ('b1-u06-l1-p4','b1-u06-l1','grammar_fill_blank',4,'practice','medium',false,'{"question":"Chuyển sang bị động: ''They cleaned the office.'' → ''The office ___ (clean).''","acceptedAnswers":["was cleaned"],"explanationVi":"Quá khứ bị động: was cleaned."}'::jsonb),
 ('b1-u06-l1-p5','b1-u06-l1','translation',5,'practice','medium',false,'{"question":"Dịch sang tiếng Anh (bị động):","sourceText":"Tiếng Anh được dạy ở tất cả các trường.","acceptedAnswers":["English is taught in all schools.","English is taught at all schools."],"explanationVi":"English is taught in all schools."}'::jsonb),
 ('b1-u06-l1-p6','b1-u06-l1','error_correction',6,'practice','medium',false,'{"question":"Sửa lỗi:","sourceText":"The window was broke by the ball.","acceptedAnswers":["The window was broken by the ball.","The window was broken by the ball"],"explanationVi":"break → broken (V3 bất quy tắc)."}'::jsonb),
 ('b1-u06-l1-p7','b1-u06-l1','grammar_fill_blank',7,'practice','medium',false,'{"question":"Chuyển sang bị động: ''A famous architect designed this building.'' → ''This building ___ (design) by a famous architect.''","acceptedAnswers":["was designed"],"explanationVi":"Quá khứ bị động: was designed."}'::jsonb),
 ('b1-u06-l1-q1','b1-u06-l1','multiple_choice',8,'quiz','easy',true,'{"question":"Chọn câu bị động ĐÚNG:","options":[{"id":"a","text":"This product is make in Vietnam."},{"id":"b","text":"This product is made in Vietnam."},{"id":"c","text":"This product are made in Vietnam."}],"correctOptionId":"b","explanationVi":"is + V3: is made."}'::jsonb),
 ('b1-u06-l1-q2','b1-u06-l1','grammar_fill_blank',9,'quiz','easy',true,'{"question":"Chuyển sang bị động: ''Millions of tourists visit this city.'' → ''This city ___ (visit) by millions of tourists.''","acceptedAnswers":["is visited"],"explanationVi":"Hiện tại bị động: is visited."}'::jsonb),
 ('b1-u06-l1-q3','b1-u06-l1','multiple_choice',10,'quiz','medium',true,'{"question":"Chọn câu bị động ĐÚNG ở thì quá khứ:","options":[{"id":"a","text":"The museum was open last year."},{"id":"b","text":"The museum was opened last year."},{"id":"c","text":"The museum is opened last year."}],"correctOptionId":"b","explanationVi":"Quá khứ bị động: was + V3 (opened)."}'::jsonb),
 ('b1-u06-l1-q4','b1-u06-l1','grammar_fill_blank',11,'quiz','medium',true,'{"question":"Chia bị động: ''These computers ___ (not/make) in Japan.''","acceptedAnswers":["are not made","aren''t made"],"explanationVi":"Phủ định hiện tại bị động: are not made."}'::jsonb),
 ('b1-u06-l1-q5','b1-u06-l1','sentence_ordering',12,'quiz','hard',true,'{"question":"Sắp xếp thành câu bị động đúng:","tokens":["in","built","was","The bridge","1990"],"correctOrder":[3,2,1,0,4],"explanationVi":"The bridge was built in 1990."}'::jsonb),
 ('b1-u06-l1-q6','b1-u06-l1','vocabulary_match',13,'quiz','medium',true,'{"question":"Nối dạng bị động với nghĩa:","pairs":[{"left":"is spoken","right":"được nói"},{"left":"was stolen","right":"bị đánh cắp"},{"left":"are sold","right":"được bán"}],"explanationVi":"Ghép đúng từng dạng bị động."}'::jsonb),
 ('b1-u06-l1-q7','b1-u06-l1','grammar_fill_blank',14,'quiz','hard',true,'{"question":"Đặt câu hỏi bị động: ''___ the report ___ (write) by the manager?''","acceptedAnswers":["Was the report written"],"explanationVi":"Câu hỏi quá khứ bị động: Was + S + V3?"}'::jsonb);

INSERT INTO learning_lessons (id, level_code, skill_code, unit_id, lesson_type, lesson_order, title, subtitle, duration_minutes, xp_reward, required_score_to_pass, content, theory_content) VALUES
 ('b1-u06-l2','B1','reading','b1-u06','normal',2,'Passive: Present Perfect & Future','Has been done / Will be done: bị động các thì nâng cao',10,20,70,'{}'::jsonb,
  '{"warmup":"''Ngôi nhà đã được sửa.'' vs ''Ngôi nhà sẽ được sửa.'' Làm sao nói những câu này trong tiếng Anh?",
    "objectives":["Tạo câu bị động ở thì hiện tại hoàn thành (has/have been + V3)","Tạo câu bị động ở thì tương lai (will be + V3)","Dùng bị động trong bối cảnh tin tức và thông báo"],
    "grammarHtml":"<b>Present perfect passive:</b> S + have/has + been + V3.<br>The bridge has been repaired. (= Ai đó đã sửa xong cây cầu.)<br><b>Future passive:</b> S + will be + V3.<br>The new road will be built next year. (= Người ta sẽ xây con đường mới năm sau.)<br><b>Ứng dụng:</b> Thụ động rất phổ biến trong tin tức và thông báo chính thức khi chủ thể không quan trọng hoặc không biết.",
    "vocabBlock":[
      {"word":"has been repaired","ipa":"/hæz bɪn rɪˈpeəd/","meaningVi":"đã được sửa chữa","example":"The road has been repaired."},
      {"word":"have been arrested","ipa":"/hæv bɪn əˈrestɪd/","meaningVi":"đã bị bắt","example":"Three people have been arrested."},
      {"word":"will be built","ipa":"/wɪl bi bɪlt/","meaningVi":"sẽ được xây dựng","example":"A new hospital will be built."},
      {"word":"will be announced","ipa":"/wɪl bi əˈnaʊnst/","meaningVi":"sẽ được thông báo","example":"The results will be announced tomorrow."},
      {"word":"is expected to","ipa":"/ɪz ɪkˈspektɪd tʊ/","meaningVi":"được dự kiến sẽ","example":"The law is expected to change."}],
    "examples":[
      {"en":"The new law has been approved by parliament.","vi":"Luật mới đã được quốc hội thông qua."},
      {"en":"Three suspects have been arrested.","vi":"Ba nghi phạm đã bị bắt."},
      {"en":"A new station will be opened next spring.","vi":"Một ga tàu mới sẽ được khai trương vào mùa xuân tới."},
      {"en":"The decision will be announced on Monday.","vi":"Quyết định sẽ được thông báo vào thứ Hai."}],
    "commonMistakes":["❌ ''has been repair'' → ✅ ''has been repaired'' (cần V3).","❌ ''will been built'' → ✅ ''will be built'' (will + be, không có been)."],
    "tips":["Present perfect passive: has/have BEEN + V3 (be bắt buộc).","Future passive: will BE + V3 (không có been, chỉ be)."]}'::jsonb);

INSERT INTO learning_lesson_activities (id, lesson_id, activity_type, display_order, phase, difficulty, counts_toward_mastery, payload) VALUES
 ('b1-u06-l2-p1','b1-u06-l2','grammar_fill_blank',1,'practice','easy',false,'{"question":"Chia bị động: ''The bridge ___ (repair) already.''","acceptedAnswers":["has been repaired"],"explanationVi":"Present perfect passive: has been repaired."}'::jsonb),
 ('b1-u06-l2-p2','b1-u06-l2','multiple_choice',2,'practice','easy',false,'{"question":"Chọn câu future passive ĐÚNG:","options":[{"id":"a","text":"The road will been built."},{"id":"b","text":"The road will be built."},{"id":"c","text":"The road will be build."}],"correctOptionId":"b","explanationVi":"Future passive: will be + V3."}'::jsonb),
 ('b1-u06-l2-p3','b1-u06-l2','vocabulary_match',3,'practice','easy',false,'{"question":"Nối dạng bị động với nghĩa:","pairs":[{"left":"has been repaired","right":"đã được sửa"},{"left":"have been arrested","right":"đã bị bắt"},{"left":"will be built","right":"sẽ được xây"},{"left":"will be announced","right":"sẽ được thông báo"}],"explanationVi":"Ghép đúng từng dạng bị động."}'::jsonb),
 ('b1-u06-l2-p4','b1-u06-l2','grammar_fill_blank',4,'practice','medium',false,'{"question":"Chuyển sang bị động: ''They will open the new museum next year.'' → ''The new museum ___ (open) next year.''","acceptedAnswers":["will be opened"],"explanationVi":"Future passive: will be opened."}'::jsonb),
 ('b1-u06-l2-p5','b1-u06-l2','translation',5,'practice','medium',false,'{"question":"Dịch sang tiếng Anh (bị động tương lai):","sourceText":"Kết quả sẽ được thông báo vào thứ Hai.","acceptedAnswers":["The results will be announced on Monday.","The result will be announced on Monday."],"explanationVi":"will be announced on Monday."}'::jsonb),
 ('b1-u06-l2-p6','b1-u06-l2','error_correction',6,'practice','medium',false,'{"question":"Sửa lỗi:","sourceText":"Three suspects have been arrest.","acceptedAnswers":["Three suspects have been arrested.","Three suspects have been arrested"],"explanationVi":"have been + V3: have been arrested."}'::jsonb),
 ('b1-u06-l2-p7','b1-u06-l2','grammar_fill_blank',7,'practice','medium',false,'{"question":"Chia bị động: ''Many trees ___ (cut down) to build the new road.''","acceptedAnswers":["have been cut down"],"explanationVi":"Present perfect passive: have been cut down."}'::jsonb),
 ('b1-u06-l2-q1','b1-u06-l2','multiple_choice',8,'quiz','easy',true,'{"question":"Chọn câu present perfect passive ĐÚNG:","options":[{"id":"a","text":"The new law has been approve."},{"id":"b","text":"The new law has been approved."},{"id":"c","text":"The new law have been approved."}],"correctOptionId":"b","explanationVi":"has been + V3: has been approved."}'::jsonb),
 ('b1-u06-l2-q2','b1-u06-l2','grammar_fill_blank',9,'quiz','easy',true,'{"question":"Chia bị động: ''A new hospital ___ (build) next year.''","acceptedAnswers":["will be built"],"explanationVi":"Future passive: will be built."}'::jsonb),
 ('b1-u06-l2-q3','b1-u06-l2','multiple_choice',10,'quiz','medium',true,'{"question":"Câu nào là present perfect passive?","options":[{"id":"a","text":"The bridge will be repaired."},{"id":"b","text":"The bridge has been repaired."},{"id":"c","text":"The bridge was repaired."}],"correctOptionId":"b","explanationVi":"has been repaired = present perfect passive."}'::jsonb),
 ('b1-u06-l2-q4','b1-u06-l2','grammar_fill_blank',11,'quiz','medium',true,'{"question":"Chia bị động: ''The results ___ (not/announce) yet.''","acceptedAnswers":["have not been announced","haven''t been announced"],"explanationVi":"Phủ định present perfect passive: haven''t been announced."}'::jsonb),
 ('b1-u06-l2-q5','b1-u06-l2','sentence_ordering',12,'quiz','hard',true,'{"question":"Sắp xếp thành câu đúng:","tokens":["will","A new","station","next spring","opened","be"],"correctOrder":[1,2,0,4,5,3],"explanationVi":"A new station will be opened next spring."}'::jsonb),
 ('b1-u06-l2-q6','b1-u06-l2','vocabulary_match',13,'quiz','medium',true,'{"question":"Nối dạng bị động với nghĩa:","pairs":[{"left":"has been repaired","right":"đã được sửa"},{"left":"will be announced","right":"sẽ được thông báo"},{"left":"have been arrested","right":"đã bị bắt"}],"explanationVi":"Ghép đúng từng dạng bị động."}'::jsonb),
 ('b1-u06-l2-q7','b1-u06-l2','grammar_fill_blank',14,'quiz','hard',true,'{"question":"Chia bị động: ''The decision ___ (make) by the board of directors tomorrow.''","acceptedAnswers":["will be made"],"explanationVi":"Future passive: will be made."}'::jsonb);

INSERT INTO learning_lessons (id, level_code, skill_code, unit_id, lesson_type, lesson_order, title, subtitle, duration_minutes, xp_reward, required_score_to_pass, content, theory_content) VALUES
 ('b1-u06-l3','B1','reading','b1-u06','normal',3,'Media & Technology','Từ vựng: Truyền thông & Công nghệ',10,20,70,'{}'::jsonb,
  '{"warmup":"Bạn theo dõi tin tức ở đâu? TV, mạng xã hội, hay báo? Hãy học từ vựng về truyền thông và công nghệ!",
    "objectives":["Học 10 từ vựng về truyền thông và công nghệ","Dùng từ trong câu nói về tin tức và thông tin"],
    "vocabBlock":[
      {"word":"headline","ipa":"/ˈhedlaɪn/","meaningVi":"tiêu đề, đầu đề báo","example":"The headline read: ''New Discovery''."},
      {"word":"broadcast","ipa":"/ˈbrɔːdkɑːst/","meaningVi":"phát sóng (v/n)","example":"The news is broadcast at 7 pm."},
      {"word":"journalist","ipa":"/ˈdʒɜːnəlɪst/","meaningVi":"nhà báo","example":"She works as a journalist for BBC."},
      {"word":"report","ipa":"/rɪˈpɔːt/","meaningVi":"bản tin, tường thuật (n/v)","example":"A report was published about climate change."},
      {"word":"publish","ipa":"/ˈpʌblɪʃ/","meaningVi":"xuất bản, đăng","example":"The article was published online."},
      {"word":"online","ipa":"/ˈɒnlaɪn/","meaningVi":"trực tuyến","example":"Most people read news online now."},
      {"word":"network","ipa":"/ˈnetwɜːk/","meaningVi":"mạng lưới, kênh truyền thông","example":"She joined a professional network."},
      {"word":"communicate","ipa":"/kəˈmjuːnɪkeɪt/","meaningVi":"giao tiếp, truyền đạt","example":"We communicate through social media."},
      {"word":"access","ipa":"/ˈækses/","meaningVi":"truy cập, tiếp cận (v/n)","example":"Everyone should have access to information."},
      {"word":"post","ipa":"/pəʊst/","meaningVi":"đăng (bài), bài đăng (n)","example":"She posted the news on her social media."}],
    "examples":[
      {"en":"The story was broadcast on all major networks.","vi":"Câu chuyện được phát sóng trên tất cả các kênh lớn."},
      {"en":"The report was published by a well-known journalist.","vi":"Bản báo cáo được đăng bởi một nhà báo nổi tiếng."},
      {"en":"Millions of people access the news online every day.","vi":"Hàng triệu người truy cập tin tức trực tuyến mỗi ngày."}],
    "commonMistakes":["broadcast = phát sóng (cả n và v, không thêm -ed: broadcast/broadcast)","post (mạng xã hội) = đăng bài (v), bài đăng (n)"],
    "tips":["Nhiều từ này thường xuất hiện trong câu bị động: The news was broadcast, The report was published."]}'::jsonb);

INSERT INTO learning_lesson_activities (id, lesson_id, activity_type, display_order, phase, difficulty, counts_toward_mastery, payload) VALUES
 ('b1-u06-l3-p1','b1-u06-l3','vocabulary_match',1,'practice','easy',false,'{"question":"Nối từ với nghĩa tiếng Việt:","pairs":[{"left":"headline","right":"tiêu đề báo"},{"left":"broadcast","right":"phát sóng"},{"left":"journalist","right":"nhà báo"},{"left":"report","right":"bản tin"}],"explanationVi":"Ghép đúng từng từ."}'::jsonb),
 ('b1-u06-l3-p2','b1-u06-l3','vocabulary_match',2,'practice','easy',false,'{"question":"Nối từ với nghĩa:","pairs":[{"left":"publish","right":"xuất bản"},{"left":"online","right":"trực tuyến"},{"left":"network","right":"mạng lưới"},{"left":"access","right":"truy cập"}],"explanationVi":"Ghép đúng từng từ."}'::jsonb),
 ('b1-u06-l3-p3','b1-u06-l3','multiple_choice',3,'practice','easy',false,'{"question":"Từ nào có nghĩa là ''nhà báo''?","options":[{"id":"a","text":"broadcast"},{"id":"b","text":"journalist"},{"id":"c","text":"headline"}],"correctOptionId":"b","explanationVi":"journalist = nhà báo."}'::jsonb),
 ('b1-u06-l3-p4','b1-u06-l3','multiple_choice',4,'practice','medium',false,'{"question":"Điền từ phù hợp: ''She ___ the article on her social media page.''","options":[{"id":"a","text":"broadcast"},{"id":"b","text":"published"},{"id":"c","text":"posted"}],"correctOptionId":"c","explanationVi":"post = đăng bài trên mạng xã hội."}'::jsonb),
 ('b1-u06-l3-p5','b1-u06-l3','translation',5,'practice','medium',false,'{"question":"Dịch sang tiếng Anh:","sourceText":"Hàng triệu người truy cập tin tức trực tuyến mỗi ngày.","acceptedAnswers":["Millions of people access the news online every day.","Millions of people access news online every day."],"explanationVi":"access the news online every day."}'::jsonb),
 ('b1-u06-l3-p6','b1-u06-l3','grammar_fill_blank',6,'practice','medium',false,'{"question":"Điền từ đúng: ''The story was ___ on all major networks.'' (phát sóng)","acceptedAnswers":["broadcast"],"explanationVi":"broadcast = phát sóng (V3 cũng là broadcast)."}'::jsonb),
 ('b1-u06-l3-p7','b1-u06-l3','multiple_choice',7,'practice','medium',false,'{"question":"Từ nào mô tả ''tiêu đề lớn trên báo''?","options":[{"id":"a","text":"post"},{"id":"b","text":"headline"},{"id":"c","text":"network"}],"correctOptionId":"b","explanationVi":"headline = tiêu đề, đầu đề báo."}'::jsonb),
 ('b1-u06-l3-q1','b1-u06-l3','vocabulary_match',8,'quiz','easy',true,'{"question":"Nối từ với nghĩa:","pairs":[{"left":"publish","right":"xuất bản"},{"left":"communicate","right":"giao tiếp"},{"left":"post","right":"đăng bài"}],"explanationVi":"Ghép đúng từng từ."}'::jsonb),
 ('b1-u06-l3-q2','b1-u06-l3','multiple_choice',9,'quiz','easy',true,'{"question":"Từ nào có nghĩa là ''phát sóng''?","options":[{"id":"a","text":"publish"},{"id":"b","text":"broadcast"},{"id":"c","text":"access"}],"correctOptionId":"b","explanationVi":"broadcast = phát sóng."}'::jsonb),
 ('b1-u06-l3-q3','b1-u06-l3','multiple_choice',10,'quiz','medium',true,'{"question":"Điền từ đúng: ''The report was ___ by a famous journalist.''","options":[{"id":"a","text":"broadcast"},{"id":"b","text":"accessed"},{"id":"c","text":"published"}],"correctOptionId":"c","explanationVi":"report + published = bản tin được xuất bản."}'::jsonb),
 ('b1-u06-l3-q4','b1-u06-l3','grammar_fill_blank',11,'quiz','medium',true,'{"question":"Điền từ đúng: ''Everyone should have ___ to basic information.'' (tiếp cận)","acceptedAnswers":["access"],"explanationVi":"access (n) = quyền tiếp cận."}'::jsonb),
 ('b1-u06-l3-q5','b1-u06-l3','vocabulary_match',12,'quiz','medium',true,'{"question":"Nối từ với nghĩa:","pairs":[{"left":"headline","right":"tiêu đề báo"},{"left":"journalist","right":"nhà báo"},{"left":"network","right":"mạng lưới"},{"left":"online","right":"trực tuyến"}],"explanationVi":"Ghép đúng bốn từ."}'::jsonb),
 ('b1-u06-l3-q6','b1-u06-l3','sentence_ordering',13,'quiz','hard',true,'{"question":"Sắp xếp thành câu đúng:","tokens":["published","The","was","article","journalist","by","a"],"correctOrder":[1,3,0,2,6,4,5],"explanationVi":"The article was published by a journalist."}'::jsonb),
 ('b1-u06-l3-q7','b1-u06-l3','grammar_fill_blank',14,'quiz','hard',true,'{"question":"Điền từ đúng: ''She ___ the news on her page to inform her followers.'' (đăng bài)","acceptedAnswers":["posted"],"explanationVi":"post (v) → posted = đã đăng."}'::jsonb);

INSERT INTO learning_lessons (id, level_code, skill_code, unit_id, lesson_type, lesson_order, title, subtitle, duration_minutes, xp_reward, required_score_to_pass, content, theory_content) VALUES
 ('b1-u06-l4','B1','listening','b1-u06','normal',4,'Short News Bulletin','Nghe hiểu: Bản tin ngắn',10,20,70,'{}'::jsonb,
  '{"warmup":"Hãy tưởng tượng bạn đang nghe bản tin buổi sáng. Những thông tin quan trọng nào được đề cập?",
    "objectives":["Nghe và hiểu bản tin ngắn B1 theo phong cách tin tức","Nhận biết câu bị động trong ngữ cảnh tin tức","Ôn từ vựng truyền thông qua bài nghe"],
    "vocabBlock":[
      {"word":"announce","ipa":"/əˈnaʊns/","meaningVi":"thông báo","example":"The results were announced this morning."},
      {"word":"confirm","ipa":"/kənˈfɜːm/","meaningVi":"xác nhận","example":"The plan has been confirmed."},
      {"word":"injured","ipa":"/ˈɪndʒəd/","meaningVi":"bị thương","example":"Several people were injured."},
      {"word":"rescue","ipa":"/ˈreskjuː/","meaningVi":"cứu hộ","example":"Three people were rescued from the sea."}],
    "examples":[
      {"en":"Good morning. Here are today''s headlines. A new trade agreement has been signed between two neighbouring countries. The deal is expected to create thousands of new jobs. In local news, a fire broke out at a warehouse last night. Three people were injured, but all have been taken to hospital and are reported to be in a stable condition. The cause of the fire has not been confirmed yet. In sport, the national football team has been selected for the championship. Matches will be broadcast live on national television. That''s all for now. Stay tuned for more updates.","vi":"Chào buổi sáng. Đây là các tiêu đề tin hôm nay. Một hiệp định thương mại mới đã được ký kết giữa hai nước láng giềng. Thỏa thuận này dự kiến sẽ tạo ra hàng nghìn việc làm mới. Về tin địa phương, một đám cháy bùng phát tại kho hàng tối qua. Ba người bị thương nhưng tất cả đã được đưa vào bệnh viện và được cho biết đang ổn định. Nguyên nhân vụ cháy chưa được xác nhận. Về thể thao, đội tuyển bóng đá quốc gia đã được chọn tham dự giải vô địch. Các trận đấu sẽ được phát sóng trực tiếp trên truyền hình quốc gia."}],
    "commonMistakes":["Nghe kỹ tất cả dạng bị động trong bản tin để hiểu ai làm gì với ai."],
    "tips":["Tin tức thường dùng bị động để không đề cập chủ thể: Three people were injured."]}'::jsonb);

INSERT INTO learning_lesson_activities (id, lesson_id, activity_type, display_order, phase, difficulty, counts_toward_mastery, payload) VALUES
 ('b1-u06-l4-p1','b1-u06-l4','multiple_choice',1,'practice','easy',false,'{"question":"Theo bản tin, điều gì đã được ký kết?","options":[{"id":"a","text":"Một hiệp ước hòa bình"},{"id":"b","text":"Một hiệp định thương mại"},{"id":"c","text":"Một thỏa thuận môi trường"}],"correctOptionId":"b","explanationVi":"''A new trade agreement has been signed.''"}'::jsonb),
 ('b1-u06-l4-p2','b1-u06-l4','multiple_choice',2,'practice','easy',false,'{"question":"Vụ cháy xảy ra ở đâu?","options":[{"id":"a","text":"Trong một trường học"},{"id":"b","text":"Trong một kho hàng"},{"id":"c","text":"Trong một nhà máy"}],"correctOptionId":"b","explanationVi":"''a fire broke out at a warehouse'' → kho hàng."}'::jsonb),
 ('b1-u06-l4-p3','b1-u06-l4','multiple_choice',3,'practice','medium',false,'{"question":"Bao nhiêu người bị thương trong vụ cháy?","options":[{"id":"a","text":"Một người"},{"id":"b","text":"Hai người"},{"id":"c","text":"Ba người"}],"correctOptionId":"c","explanationVi":"''Three people were injured.''"}'::jsonb),
 ('b1-u06-l4-p4','b1-u06-l4','vocabulary_match',4,'practice','easy',false,'{"question":"Nối từ với nghĩa:","pairs":[{"left":"announce","right":"thông báo"},{"left":"confirm","right":"xác nhận"},{"left":"injured","right":"bị thương"},{"left":"rescue","right":"cứu hộ"}],"explanationVi":"Ghép đúng từng từ."}'::jsonb),
 ('b1-u06-l4-p5','b1-u06-l4','multiple_choice',5,'practice','medium',false,'{"question":"Nguyên nhân vụ cháy đã được xác nhận chưa?","options":[{"id":"a","text":"Đã được xác nhận"},{"id":"b","text":"Chưa được xác nhận"},{"id":"c","text":"Đang điều tra"}],"correctOptionId":"b","explanationVi":"''The cause of the fire has not been confirmed yet.''"}'::jsonb),
 ('b1-u06-l4-p6','b1-u06-l4','multiple_choice',6,'practice','medium',false,'{"question":"Các trận đấu bóng đá sẽ được xem ở đâu?","options":[{"id":"a","text":"Trên mạng xã hội"},{"id":"b","text":"Truyền hình quốc gia"},{"id":"c","text":"Sân vận động"}],"correctOptionId":"b","explanationVi":"''broadcast live on national television.''"}'::jsonb),
 ('b1-u06-l4-p7','b1-u06-l4','grammar_fill_blank',7,'practice','medium',false,'{"question":"Hoàn thành theo bản tin: ''The trade agreement ___ (sign) between two countries.''","acceptedAnswers":["has been signed"],"explanationVi":"Present perfect passive: has been signed."}'::jsonb),
 ('b1-u06-l4-q1','b1-u06-l4','listening_choice',8,'quiz','easy',true,'{"audioText":"Good morning. Here are today''s headlines. A new trade agreement has been signed between two neighbouring countries. The deal is expected to create thousands of new jobs.","question":"What has been signed according to the bulletin?","options":[{"id":"a","text":"A peace treaty"},{"id":"b","text":"A trade agreement"},{"id":"c","text":"An environmental deal"}],"correctOptionId":"b","explanationVi":"A new trade agreement has been signed."}'::jsonb),
 ('b1-u06-l4-q2','b1-u06-l4','listening_choice',9,'quiz','easy',true,'{"audioText":"In local news, a fire broke out at a warehouse last night. Three people were injured, but all have been taken to hospital and are reported to be in a stable condition.","question":"What condition are the injured people in?","options":[{"id":"a","text":"Critical condition"},{"id":"b","text":"Stable condition"},{"id":"c","text":"Unknown condition"}],"correctOptionId":"b","explanationVi":"are reported to be in a stable condition."}'::jsonb),
 ('b1-u06-l4-q3','b1-u06-l4','multiple_choice',10,'quiz','medium',true,'{"question":"Dạng bị động nào được dùng nhiều nhất trong bản tin?","options":[{"id":"a","text":"Future passive"},{"id":"b","text":"Past simple passive"},{"id":"c","text":"Present perfect passive"}],"correctOptionId":"c","explanationVi":"has been signed, have been taken = present perfect passive."}'::jsonb),
 ('b1-u06-l4-q4','b1-u06-l4','grammar_fill_blank',11,'quiz','medium',true,'{"question":"Hoàn thành: ''The cause of the fire ___ (not/confirm) yet.''","acceptedAnswers":["has not been confirmed","hasn''t been confirmed"],"explanationVi":"Phủ định present perfect passive."}'::jsonb),
 ('b1-u06-l4-q5','b1-u06-l4','multiple_choice',12,'quiz','medium',true,'{"question":"Cụm ''is expected to'' trong bài có nghĩa là gì?","options":[{"id":"a","text":"đang làm"},{"id":"b","text":"được dự kiến sẽ"},{"id":"c","text":"đã từng"}],"correctOptionId":"b","explanationVi":"is expected to = được dự kiến sẽ."}'::jsonb),
 ('b1-u06-l4-q6','b1-u06-l4','vocabulary_match',13,'quiz','easy',true,'{"question":"Nối từ với nghĩa:","pairs":[{"left":"announce","right":"thông báo"},{"left":"confirm","right":"xác nhận"},{"left":"injured","right":"bị thương"}],"explanationVi":"Ghép đúng từng từ."}'::jsonb),
 ('b1-u06-l4-q7','b1-u06-l4','listening_choice',14,'quiz','hard',true,'{"audioText":"In sport, the national football team has been selected for the championship. Matches will be broadcast live on national television.","question":"How will the matches be shown?","options":[{"id":"a","text":"On social media only"},{"id":"b","text":"Live on national television"},{"id":"c","text":"On paid streaming platforms"}],"correctOptionId":"b","explanationVi":"broadcast live on national television."}'::jsonb);

INSERT INTO learning_lessons (id, level_code, skill_code, unit_id, lesson_type, lesson_order, title, subtitle, duration_minutes, xp_reward, required_score_to_pass, content, theory_content) VALUES
 ('b1-u06-l5','B1','listening','b1-u06','unit_review',5,'Unit 6 Review','Ôn tập Unit 6: In the News',12,30,75,'{}'::jsonb,
  '{"warmup":"Ôn tập Unit 6: câu bị động các thì và từ vựng truyền thông.","objectives":["Tổng hợp can-do Unit 6","Đạt ≥ 75% để hoàn thành Unit"],"vocabBlock":[],"examples":[],"commonMistakes":[],"tips":["Cần đúng ≥ 8/10 để qua Unit."]}'::jsonb);

INSERT INTO learning_lesson_activities (id, lesson_id, activity_type, display_order, phase, difficulty, counts_toward_mastery, payload) VALUES
 ('b1-u06-l5-q1','b1-u06-l5','grammar_fill_blank',1,'quiz','easy',true,'{"question":"Chia bị động: ''English ___ (speak) in many countries.''","acceptedAnswers":["is spoken"],"explanationVi":"Hiện tại bị động: is spoken."}'::jsonb),
 ('b1-u06-l5-q2','b1-u06-l5','multiple_choice',2,'quiz','easy',true,'{"question":"Chọn câu bị động ĐÚNG:","options":[{"id":"a","text":"The bridge was build in 1980."},{"id":"b","text":"The bridge was built in 1980."},{"id":"c","text":"The bridge is built in 1980."}],"correctOptionId":"b","explanationVi":"Quá khứ bị động: was + V3 (built)."}'::jsonb),
 ('b1-u06-l5-q3','b1-u06-l5','multiple_choice',3,'quiz','easy',true,'{"question":"Từ nào có nghĩa là ''nhà báo''?","options":[{"id":"a","text":"headline"},{"id":"b","text":"journalist"},{"id":"c","text":"broadcast"}],"correctOptionId":"b","explanationVi":"journalist = nhà báo."}'::jsonb),
 ('b1-u06-l5-q4','b1-u06-l5','grammar_fill_blank',4,'quiz','medium',true,'{"question":"Chia bị động: ''The new school ___ (open) next month.''","acceptedAnswers":["will be opened"],"explanationVi":"Future passive: will be opened."}'::jsonb),
 ('b1-u06-l5-q5','b1-u06-l5','multiple_choice',5,'quiz','medium',true,'{"question":"Chọn câu present perfect passive ĐÚNG:","options":[{"id":"a","text":"The suspect has arrested."},{"id":"b","text":"The suspect has been arrested."},{"id":"c","text":"The suspect have been arrested."}],"correctOptionId":"b","explanationVi":"has been + V3: has been arrested."}'::jsonb),
 ('b1-u06-l5-q6','b1-u06-l5','vocabulary_match',6,'quiz','medium',true,'{"question":"Nối từ với nghĩa:","pairs":[{"left":"headline","right":"tiêu đề báo"},{"left":"broadcast","right":"phát sóng"},{"left":"publish","right":"xuất bản"},{"left":"access","right":"truy cập"}],"explanationVi":"Ghép đúng từng từ."}'::jsonb),
 ('b1-u06-l5-q7','b1-u06-l5','grammar_fill_blank',7,'quiz','medium',true,'{"question":"Chia bị động: ''Three people ___ (injure) in the accident.''","acceptedAnswers":["were injured"],"explanationVi":"Quá khứ bị động: were injured."}'::jsonb),
 ('b1-u06-l5-q8','b1-u06-l5','sentence_ordering',8,'quiz','hard',true,'{"question":"Sắp xếp thành câu bị động đúng:","tokens":["been","The","has","agreement","signed","trade"],"correctOrder":[1,5,3,0,2,4],"explanationVi":"The trade agreement has been signed."}'::jsonb),
 ('b1-u06-l5-q9','b1-u06-l5','multiple_choice',9,'quiz','medium',true,'{"question":"Câu bị động nào ĐÚNG ở present perfect?","options":[{"id":"a","text":"The report will been published."},{"id":"b","text":"The report has been published."},{"id":"c","text":"The report was been published."}],"correctOptionId":"b","explanationVi":"Present perfect passive: has been + V3."}'::jsonb),
 ('b1-u06-l5-q10','b1-u06-l5','grammar_fill_blank',10,'quiz','hard',true,'{"question":"Chia bị động: ''The results ___ (not/announce) yet.''","acceptedAnswers":["have not been announced","haven''t been announced"],"explanationVi":"Phủ định present perfect passive: haven''t been announced."}'::jsonb);

UPDATE learning_units SET review_lesson_id = 'b1-u06-l5' WHERE id = 'b1-u06';

